logical_name	file_name	md5_hash	size_bytes	upstream_source	version_or_commit	extraction_protocol	used_by_scripts
gene_annotation_table	gene_annotation_table.tsv	6b308a7d300f9de33f6f458fdab9c79a	788656	SCZ3 MAGMA gene-level pipeline (this study) on PGC SCZ3 European GWAS (Trubetskoy 2022, PMID:35396580, figshare 10.6084/m9.figshare.19426775) merged with Open Targets Gentropy gPS (commit fec6427; uniqueDiseases column of disease_ta_index_pandas.csv, adopted verbatim).	deposit MD5 6b308a7d300f9de33f6f458fdab9c79a	MAGMA v1.10 snp-wise=mean, NCBI37.3 gene loc, 35 kb upstream / 10 kb downstream; merged onto ensembl_id, gPS = numDiseases per gene, tier_gps6 thresholds at {1, 2-5, >=6}. Region filters NOT applied in the file itself; consumers exclude chr X, MHC chr6:25-35 Mb, and 17q21 chr17:43.5-44.9 Mb at read time.	02_fig2_hexbin_gradient.py, 03_fig3_bootstrap_fdr5.py, 03_fig3_make_figure.py
bip_gene_annotation_table	bip_gene_annotation_table.tsv	c944322ea7c6a489a7229411162761c0	1766878	BIP2021 MAGMA gene-level pipeline (this study) on PGC BIP2021 European GWAS (Mullins 2021, PMID:34385711, figshare 10.6084/m9.figshare.14102594) merged with Open Targets Gentropy gPS (commit fec6427; uniqueDiseases column of disease_ta_index_pandas.csv, adopted verbatim).	deposit MD5 c944322ea7c6a489a7229411162761c0	Same MAGMA protocol as SCZ3 (snp-wise=mean, NCBI37.3 gene loc, 35 kb/10 kb window). Adds `mhc` boolean flag (chr6:25-35 Mb).	02_fig2_hexbin_gradient.py
schema_pav_gps_table	schema_pav_gps_table.tsv	b9c5f67a83510d0d87f94981914f1a40	5161	SCHEMA Singh et al. 2022 (schema.broadinstitute.org snapshot 2026-05) restricted to FDR<0.1 PTV genes, cross-referenced with Open Targets 26.03 L2G + Ensembl VEP release 113 GRCh37 PAV consequence calls + this study's SCZ3 and BIP2021 MAGMA Z-scores + Open Targets Gentropy gPS (commit fec6427).	deposit MD5 b9c5f67a83510d0d87f94981914f1a40	(1) Pull 34 SCHEMA FDR<0.1 PTV genes from SCHEMA API. (2) Annotate has_PAV via Ensembl VEP. (3) Merge magma_z_scz, magma_z_bip from gene_annotation tables. (4) Map gPS tiers from disease_ta_index_pandas. (5) Genes absent from MAGMA gene-property output flagged scz_source=='absent'. The Fig 4 script filters scz_source != 'absent' to render 29 plottable bubbles; the 5 absentees are listed in inputs/SCHEMA_absent_from_MAGMA.md.	04_fig4_schema_targets.py
gp_results_big9	gp_results_big9.tsv	b83619c51e4a433c39feea9e259852b7	1242	MAGMA gene-property regressions for 9 traits x 2 models (Model A: gPS>=1 only; Model B: gPS=0 imputed), each via `magma --gene-results <trait>.genes.raw --gene-covar gene_property_log_gps_<nonzero|zeros>.txt --model direction=pos`. Source GWAS in inputs_manifest::upstream_source for each trait.	deposit MD5 b83619c51e4a433c39feea9e259852b7	Each .gsa.out parsed to extract BETA, BETA_STD, SE, P (one-sided per direction=pos), and N_genes; concatenated as 18 rows (9 traits x 2 models). `n_eff` = effective sample size per trait. `power_caveat` flagged True for OCD2025 due to limited GWAS power.	01_fig1_gene_property.py
loo_gps_sensitivity_frontiers	loo_gps_sensitivity_frontiers.tsv	16b15719d497627f8cc8dee92f4ddedf	646	Leave-one-out sensitivity re-run of the MAGMA gene-property regression for SCZ3 and BIP2021 across four LOO scenarios (original, noPsych_core, noPsych_OT, noPsychNoNerv), this study.	Frontiers Suppl Table S3 (2026-06-10) MD5 16b15719d497627f8cc8dee92f4ddedf	For each scenario, drop the listed disease IDs from the gPS numerator (see removed_disease_ledger.tsv), recompute log2(gPS+1) per gene, rerun `magma --gene-covar` with `direction=pos`. Reports beta_std, SE, p_onesided, attenuation_pct (vs original), and gps_variance_reduction_pct (% of original gPS variance lost).	05_fig5_loo_sensitivity.py
removed_disease_ledger	removed_disease_ledger.tsv	8f50071e5ad3e832b66abbb403a583aa	32604	Audit ledger of every disease term removed per LOO scenario in loo_gps_sensitivity_frontiers.tsv. One row per (scenario, disease_id) pair.	Frontiers Suppl Table S4 (2026-06-10) MD5 8f50071e5ad3e832b66abbb403a583aa	Disease IDs traversed from EFO_0000677 / MONDO_0002025 (psychiatric core) and EFO_0000618 (nervous-system) ontology branches. branch column records the ontology branch each removal anchors to. manual_classification kept blank for the resolved set.	05_fig5_loo_sensitivity.py (audit only; not numerically used by the figure render)
disease_ta_index_pandas	disease_ta_index_pandas.csv	03b7c1e7fc211cd69c6d00141bff20b0	1589679	Gene Pleiotropy Score table from Open Targets / Gentropy.	Gentropy commit fec6427 (opentargets/Gentropy-manuscript, chapters/03-manuscript-figures/figure_1/disease_ta_index_pandas.csv; adopted verbatim, no transformation; MD5 03b7c1e7fc211cd69c6d00141bff20b0; accessed 2026-05-26; SWH request 2342637)	One row per Ensembl gene with uniqueDiseases (gPS = number of distinct disease associations) and uniqueTherapeuticAreas. Used by Fig 3 to merge gPS onto gene_annotation_table at read time.	03_fig3_bootstrap_fdr5.py, 03_fig3_make_figure.py
l2g_diseases_full	l2g_diseases_full.csv	f426e77b1bb71e4136d2577dc4dd6215	11148060	Open Targets 26.03 L2G credible-set predictions joined to studyLocusId->diseaseIds across all GWAS studies.	Open Targets release 26.03 (parquet -> CSV consolidation, this study)	geneId, score (L2G score), diseaseIds (list literal of EFO/MONDO ids), studyType=='gwas' only. Fig 3 filters to score>=0.5 then explodes diseaseIds for axis-membership tests.	03_fig3_bootstrap_fdr5.py, 03_fig3_make_figure.py
loeuf_gnomad_v41	loeuf_gnomad_v41.tsv	58c78cec40fb791268aeda6df346fbf4	1597014	gnomAD v4.1 constraint metrics (constraint_metrics.tsv), per-Ensembl LOEUF column.	gnomAD v4.1 (2024-06 release)	Filtered from constraint_metrics.tsv to one Ensembl gene per row: MANE-select transcript preferred, canonical transcript as fallback; flag-filtered rows removed. Retained columns: ensembl_id, gene_symbol, transcript_id, loeuf, loeuf_lower, loeuf_rank, loeuf_decile, lof_oe, pli, lof_obs, lof_exp. 17,666 gene rows. Fig 2 consumes only ensembl_id and loeuf.	02_fig2_hexbin_gradient.py
