trait	model	n_eff	n_genes	beta	beta_std	se	p_one_sided	power_caveat
SCZ3	A	58749	7792	0.073856	0.076893	0.014768	2.85045e-07	False
SCZ3	B	58749	18182	0.077694	0.093131	0.008067	2.95497e-22	False
BIP2021	A	101962	7777	0.042217	0.043964	0.01339	0.000808354	False
BIP2021	B	101962	18003	0.046505	0.055863	0.0075261	3.22211e-10	False
MDD2025	A	1149344	7784	0.085883	0.089428	0.014661	2.34347e-09	False
MDD2025	B	1149344	18083	0.087262	0.10473	0.007884	8.94401e-29	False
ADHD2022	A	128214	7757	0.064598	0.067186	0.012095	4.6247e-08	False
ADHD2022	B	128214	17950	0.045923	0.055179	0.0070406	3.45501e-11	False
Height	A	1591189	7765	0.15739	0.16392	0.02205	4.73946e-13	False
Height	B	1591189	17965	0.16609	0.19957	0.012909	3.48673e-38	False
IBD2017	A	58331	7785	0.17511	0.18205	0.013928	3.5793e-36	False
IBD2017	B	58331	18155	0.12955	0.15535	0.0072975	4.3407e-70	False
PD2019	A	125300	7788	0.010015	0.010412	0.011532	0.19257	False
PD2019	B	125300	18166	0.010669	0.012791	0.0065027	0.050445	False
OCD2025	A	76498	7777	0.021293	0.022141	0.010692	0.023238	True
OCD2025	B	76498	18011	0.025434	0.030551	0.0062532	2.3906e-05	True
ASD2019	A	44367	7774	0.0129	0.013413	0.011155	0.12376	False
ASD2019	B	44367	18084	0.021045	0.02525	0.0065047	0.00060879	False
