gene_symbol	ensembl_id	chr	case_ptv	ctrl_ptv	case_mis2	ctrl_mis2	OR_ptv	OR_mis2	schema_OR	schema_category	schema_p	schema_fdr	gPS	numTAs	tier_gps6	tsepilov_zone	has_PAV	magma_z_scz	magma_z_bip	mhc	scz_source	delta_Z
STAG1	ENSG00000118007	3.0	6	3	0	0	8.03	8.03	8.03	PTV	5.26e-05	0.0434	22.0	7.0	high_6	high_gPS6plus	True	5.1011	1.7464	False	gPS_table	3.3547
PREP	ENSG00000085377	6.0	10	11	0	0	3.65	3.65	3.65	PTV	5.99e-05	0.0447	3.0	3.0	intermediate	optimal_2to5	True	2.0816	-1.2166	False	gPS_table	3.2981999999999996
CUL1	ENSG00000055130	7.0	8	1	2	0	36.1	44.2	36.1	PTV	2.01e-09	1.82e-05	3.0	2.0	intermediate	optimal_2to5	True	2.3916	-0.44799	False	gPS_table	2.83959
HCN4	ENSG00000138622	15.0	8	0	0	0	inf	inf	inf	PTV	2.54e-06	0.00419	9.0	5.0	high_6	high_gPS6plus	True	3.9752	1.4986	False	gPS_table	2.4766000000000004
FAM120A	ENSG00000048828	9.0	7	1	8	11	28.1	5.02	28.1	PTV	2.22e-05	0.0237	4.0	2.0	intermediate	optimal_2to5	True	5.2962	2.8664	False	gPS_table	2.4297999999999997
KDM6B	ENSG00000132510	17.0	8	5	1	1	7.23	6.69	7.23	PTV	2.57e-05	0.0245			not_in_gPS	not_in_gPS	False	1.552	-0.29406	False	full_MAGMA	1.84606
ANKRD12	ENSG00000101745	18.0	23	26	0	0	3.55	3.55	3.55	PTV	7.87e-05	0.0467			not_in_gPS	not_in_gPS	False	2.3897	0.62567	False	full_MAGMA	1.76403
SOBP	ENSG00000112320	6.0	5	2	0	0	12.0	12.0	12.0	PTV	0.000132	0.0706			not_in_gPS	not_in_gPS	False	2.2616	0.75058	False	full_MAGMA	1.51102
NR3C2	ENSG00000151623	4.0	7	3	0	0	9.37	9.37	9.37	PTV	1.6e-05	0.0194	13.0	7.0	high_6	high_gPS6plus	True	3.1588	1.6672	False	gPS_table	1.4915999999999998
MAGI2	ENSG00000187391	7.0	11	5	0	1	9.64	8.03	9.64	PTV	6.41e-05	0.0447	9.0	6.0	high_6	high_gPS6plus	True	4.0481	3.0993	False	gPS_table	0.9487999999999999
AKAP11	ENSG00000023516	13.0	17	13	0	0	5.25	5.25	5.25	PTV	8.28e-06	0.0125	17.0	8.0	high_6	high_gPS6plus	True	2.4459	1.6661	False	gPS_table	0.7798
ASH1L	ENSG00000116539	1.0	9	2	0	0	18.1	18.1	18.1	PTV	3.77e-05	0.0325	5.0	3.0	intermediate	optimal_2to5	True	1.856	1.1363	False	gPS_table	0.7197
PCLO	ENSG00000186472	7.0	20	20	0	0	4.02	4.02	4.02	PTV	0.00013	0.0706	9.0	3.0	high_6	high_gPS6plus	True	4.99	4.3374	False	gPS_table	0.6526000000000005
CACNA1G	ENSG00000006283	17.0	10	13	8	4	3.09	4.25	3.09	PTV	4.57e-07	0.00154			not_in_gPS	not_in_gPS	False	3.1041	2.6456	False	full_MAGMA	0.4584999999999999
SETD1A	ENSG00000099381	16.0	15	3	3	4	20.1	10.3	20.1	PTV	2e-12	3.62e-08	1.0	1.0	low	low_gPS1	True	0.095532	-0.24403	False	gPS_table	0.33956200000000003
DNM3	ENSG00000197959	1.0	11	13	1	0	3.4	3.71	3.4	PTV	3.53e-05	0.032	13.0	7.0	high_6	high_gPS6plus	True	2.5164	2.5285	False	gPS_table	-0.012100000000000222
SV2A	ENSG00000159164	1.0	10	7	1	3	5.74	4.42	5.74	PTV	8.21e-05	0.0467	2.0	2.0	intermediate	optimal_2to5	True	1.6267	1.6916	False	gPS_table	-0.06489999999999996
SLC22A11	ENSG00000168065	11.0	22	23	0	0	3.84	3.84	3.84	PTV	7.56e-05	0.0467	1.0	1.0	low	low_gPS1	True	-0.28567	-0.22053	False	gPS_table	-0.06513999999999998
SRRM2	ENSG00000167978	16.0	16	9	0	0	7.14	7.14	7.14	PTV	1.53e-05	0.0194			not_in_gPS	not_in_gPS	False	1.5875	1.7198	False	full_MAGMA	-0.13230000000000008
ZMYM2	ENSG00000121741	13.0	16	14	1	1	4.88	4.82	4.88	PTV	1.73e-05	0.0196			not_in_gPS	not_in_gPS	False	1.2913	1.4479	False	full_MAGMA	-0.15660000000000007
OR4P4	ENSG00000181927	11.0	10	4	0	0	10.0	10.0	10.0	PTV	7.43e-05	0.0467			not_in_gPS	not_in_gPS	False	0.75968	1.1215	False	full_MAGMA	-0.3618199999999999
GRIN2A	ENSG00000183454	16.0	9	2	3	0	18.1	24.1	18.1	PTV	7.37e-07	0.00167	9.0	3.0	high_6	high_gPS6plus	True	4.8485	5.2321	False	gPS_table	-0.3836000000000004
TRIO	ENSG00000038382	5.0	18	16	0	0	5.02	5.02	5.02	PTV	6.35e-08	0.000288	1.0	1.0	low	low_gPS1	True	0.73532	1.2617	False	gPS_table	-0.5263800000000001
RB1CC1	ENSG00000023287	8.0	9	4	0	0	10.0	10.0	10.0	PTV	2e-06	0.00363			not_in_gPS	not_in_gPS	False	-0.39856	0.44054	False	full_MAGMA	-0.8391
ZNF136	ENSG00000196646	19.0	23	25	0	0	3.7	3.7	3.7	PTV	9.42e-06	0.0131			not_in_gPS	not_in_gPS	False	1.6509	2.5259	False	full_MAGMA	-0.875
HERC1	ENSG00000103657	15.0	28	32	0	0	3.51	3.51	3.51	PTV	1.26e-06	0.00254	2.0	2.0	intermediate	optimal_2to5	True	1.0797	1.978	False	gPS_table	-0.8982999999999999
DAGLA	ENSG00000134780	11.0	9	6	0	0	6.02	6.02	6.02	PTV	6.87e-05	0.0461	2.0	2.0	intermediate	optimal_2to5	True	2.9248	4.3092	False	gPS_table	-1.3843999999999999
SP4	ENSG00000105866	7.0	13	6	3	3	9.37	7.59	9.37	PTV	5.08e-07	0.00154	5.0	2.0	intermediate	optimal_2to5	True	3.8788	5.3554	False	gPS_table	-1.4766000000000004
XPO7	ENSG00000130227	8.0	12	1	1	1	52.2	28.1	52.2	PTV	7.18e-09	4.34e-05	6.0	2.0	high_6	high_gPS6plus	True	-1.2284	1.912	False	gPS_table	-3.1403999999999996
GRIA3	ENSG00000125675		5	0	3	2	inf	20.1	inf	PTV	5.98e-07	0.00155			not_in_MAGMA	not_in_gPS	False			False	absent	
SLF2	ENSG00000119906		19	25	0	0	3.05	3.05	3.05	PTV	2.5e-05	0.0245			not_in_MAGMA	not_in_gPS	False			False	absent	
H1-4	ENSG00000168298		7	4	0	0	7.03	7.03	7.03	PTV	5.84e-05	0.0447			not_in_MAGMA	not_in_gPS	False			False	absent	
MAGEC1	ENSG00000155495		37	66	0	0	2.25	2.25	2.25	PTV	6.18e-05	0.0447			not_in_MAGMA	not_in_gPS	False			False	absent	
EIF2S3	ENSG00000130741		3	0	0	0	inf	inf	inf	PTV	8.23e-05	0.0467			not_in_MAGMA	not_in_gPS	False			False	absent	
