gps_bin	observed	null_mean	null_sd	null_p2_5	null_p97_5	null_min	null_max	mean_minus_obs	rel_dev	obs_within_95
1	288	381.027	8.627	364.0	398.0	350	415	93.027	0.323	False
2	152	136.052	8.786	119.0	153.0	103	169	-15.948	-0.1049	True
3	116	74.95	6.872	62.0	89.0	50	100	-41.05	-0.3539	False
4	83	50.754	5.774	40.0	62.0	31	71	-32.246	-0.3885	False
5	64	46.362	5.333	36.0	57.0	27	69	-17.638	-0.2756	False
6	49	35.893	4.463	27.0	45.0	20	56	-13.107	-0.2675	False
7	36	28.68	3.64	22.0	36.0	16	43	-7.32	-0.2033	True
8	33	36.089	3.556	29.0	43.0	21	50	3.089	0.0936	True
9	41	21.957	2.443	17.0	27.0	14	31	-19.043	-0.4645	False
10	23	16.967	2.469	12.0	22.0	10	28	-6.033	-0.2623	False
11	19	17.654	2.448	13.0	23.0	10	27	-1.346	-0.0709	True
12	14	20.967	2.386	17.0	26.0	14	31	6.967	0.4976	False
13	11	12.768	1.72	10.0	16.0	8	19	1.768	0.1607	True
14	15	12.482	1.986	9.0	17.0	7	21	-2.518	-0.1679	True
15	5	11.022	1.561	8.0	14.0	6	17	6.022	1.2044	False
16	4	14.326	1.634	11.0	18.0	9	22	10.326	2.5816	False
17	6	6.526	1.578	4.0	10.0	2	14	0.526	0.0876	True
18	9	7.107	1.038	5.0	9.0	4	11	-1.893	-0.2103	True
19	6	12.658	1.543	10.0	16.0	8	20	6.658	1.1097	False
20	3	7.304	1.329	5.0	10.0	4	12	4.304	1.4347	False
21	4	8.016	0.935	6.0	10.0	5	11	4.016	1.004	False
22	5	4.09	0.449	3.0	5.0	3	5	-0.91	-0.182	True
23	2	4.693	1.044	3.0	7.0	3	9	2.693	1.3464	False
24	3	3.032	0.862	2.0	5.0	2	6	0.032	0.0106	True
25	3	2.738	0.633	2.0	4.0	2	4	-0.262	-0.0873	True
26	1	4.29	0.892	3.0	6.0	3	7	3.29	3.2903	False
27	1	2.648	0.701	2.0	4.0	2	5	1.648	1.6482	False
28	4	2.52	0.652	2.0	4.0	2	5	-1.48	-0.37	True
30	3	3.544	0.621	3.0	5.0	3	5	0.544	0.1814	True
31	1	3.06	0.852	2.0	5.0	1	5	2.06	2.0605	False
32	2	2.854	0.674	2.0	4.0	2	4	0.854	0.4268	True
33	2	0.73	0.627	0.0	2.0	0	2	-1.27	-0.6352	True
34	2	1.349	0.533	1.0	3.0	1	3	-0.651	-0.3257	True
38	1	0.497	0.608	0.0	2.0	0	2	-0.503	-0.5031	True
40	1	0.15	0.357	0.0	1.0	0	1	-0.85	-0.8496	True
42	1	0.349	0.541	0.0	2.0	0	2	-0.651	-0.6507	True
43	1	0.547	0.63	0.0	2.0	0	2	-0.453	-0.4529	True
51	1	0.94	0.238	0.0	1.0	0	1	-0.06	-0.0603	True
59	1	1.0	0.0	1.0	1.0	1	1	0.0	0.0	True
