axis	specification	B	observed_pct	null_mean	null_sd	resid_pp	ref95_lo	ref95_hi	b_le	b_ge	p_two	p_mc_lo	p_mc_hi	q_BH5	q_BH5_mc_lo	q_BH5_mc_hi	floor_flag	note
T2D	submitted_genewise_gps_matched	1000	13.3858	11.7338	0.784482	1.65207	0.19685	3.14961	987	18	0.037962	0.0214039	0.0565981	0.0474525	0.0267549	0.0707476		submitted specification (gene-wise resampling, B=1,000); superseded by the LD-block primary
CAD	submitted_genewise_gps_matched	1000	2.85433	4.94695	0.474325	-2.09262	-3.05364	-1.27707	0	1000	0.001998	0	0.00736417	0.00333	0	0.0122736	b_min=0: p at replicate floor	submitted specification (gene-wise resampling, B=1,000); superseded by the LD-block primary
Hypertension	submitted_genewise_gps_matched	1000	5.41339	4.80433	0.514529	0.609055	-0.393701	1.67323	906	140	0.281718	0.238157	0.326131	0.281718	0.238157	0.326131		submitted specification (gene-wise resampling, B=1,000); superseded by the LD-block primary
Asthma	submitted_genewise_gps_matched	1000	3.74016	5.29331	0.491856	-1.55315	-2.55906	-0.590551	0	1000	0.001998	0	0.00736417	0.00333	0	0.0122736	b_min=0: p at replicate floor	submitted specification (gene-wise resampling, B=1,000); superseded by the LD-block primary
Prostate Ca	submitted_genewise_gps_matched	1000	3.05118	6.03858	0.57968	-2.9874	-4.23228	-1.87008	0	1000	0.001998	0	0.00736417	0.00333	0	0.0122736	b_min=0: p at replicate floor	submitted specification (gene-wise resampling, B=1,000); superseded by the LD-block primary
T2D	block_size_only	10000	13.3858	10.3558	0.945601	3.03001	1.16662	4.84804	9993	7	0.00159984	0.000562962	0.00288346	0.0039996	0.0019998	0.00720866		alternative null specification: LD-block resampling with block-size matching only (no gPS conditioning)
CAD	block_size_only	10000	2.85433	4.02466	0.612923	-1.17033	-2.39871	0.00280662	292	9742	0.0585941	0.0519755	0.0653803	0.0732427	0.0659934	0.0817254		alternative null specification: LD-block resampling with block-size matching only (no gPS conditioning)
Hypertension	block_size_only	10000	5.41339	4.21226	0.597584	1.20112	0	2.3622	9761	263	0.0527947	0.0465042	0.0592556	0.0732427	0.0732427	0.0740695		alternative null specification: LD-block resampling with block-size matching only (no gPS conditioning)
Asthma	block_size_only	10000	3.74016	3.93703	0.699252	-0.19687	-1.59054	1.0879	4118	6084	0.823718	0.804261	0.843041	0.823718	0.804261	0.843041		alternative null specification: LD-block resampling with block-size matching only (no gPS conditioning)
Prostate Ca	block_size_only	10000	3.05118	5.46117	0.765628	-2.40999	-3.95079	-0.972273	3	9997	0.00079992	0.000123743	0.00175295	0.0039996	0.000618715	0.00438237		alternative null specification: LD-block resampling with block-size matching only (no gPS conditioning)
T2D	block_standard_gps	10000	13.3858	12.41	0.786251	0.975853	-0.576808	2.51413	8919	1088	0.217778	0.205523	0.230135	0.272223	0.256904	0.287669		PRIMARY: LD-block resampling with standard-gPS matching
CAD	block_standard_gps	10000	2.85433	5.69539	0.431613	-2.84106	-3.69508	-2.03325	0	10000	0.00019998	0	0.00073764	0.00049995	0	0.0018441	b_min=0: p at replicate floor	PRIMARY: LD-block resampling with standard-gPS matching
Hypertension	block_standard_gps	10000	5.41339	5.91598	0.48	-0.502592	-1.48652	0.398637	1495	8519	0.29917	0.285128	0.313282	0.29917	0.285128	0.313282		PRIMARY: LD-block resampling with standard-gPS matching
Asthma	block_standard_gps	10000	3.74016	5.30657	0.559076	-1.56641	-2.70835	-0.555471	6	9994	0.00139986	0.00044044	0.00261097	0.0023331	0.000734067	0.00435162		PRIMARY: LD-block resampling with standard-gPS matching
Prostate Ca	block_standard_gps	10000	3.05118	6.30725	0.639903	-3.25607	-4.53518	-2.06687	0	10000	0.00019998	0	0.00073764	0.00049995	0	0.0018441	b_min=0: p at replicate floor	PRIMARY: LD-block resampling with standard-gPS matching
T2D	block_exact_gps_minus_d	10000	13.3858	12.8632	0.793063	0.522595	-1.05218	2.06693	7460	2548	0.509749	0.492564	0.526922	0.509749	0.492564	0.526922		primary sensitivity: LD-block resampling with exact axis-excluded gPS^(-d) from the source ledger
CAD	block_exact_gps_minus_d	10000	2.85433	5.52003	0.438669	-2.6657	-3.53932	-1.84559	0	10000	0.00019998	0	0.00073764	0.00049995	0	0.0018441	b_min=0: p at replicate floor	primary sensitivity: LD-block resampling with exact axis-excluded gPS^(-d) from the source ledger
Hypertension	block_exact_gps_minus_d	10000	5.41339	6.39138	0.481602	-0.977992	-1.954	-0.0553642	192	9812	0.0385961	0.0332022	0.0441679	0.0482452	0.0415028	0.0552099		primary sensitivity: LD-block resampling with exact axis-excluded gPS^(-d) from the source ledger
Asthma	block_exact_gps_minus_d	10000	3.74016	5.23357	0.554278	-1.49341	-2.6387	-0.496296	8	9992	0.00179982	0.000690889	0.00315141	0.0029997	0.00115148	0.00525236		primary sensitivity: LD-block resampling with exact axis-excluded gPS^(-d) from the source ledger
Prostate Ca	block_exact_gps_minus_d	10000	3.05118	6.51218	0.66933	-3.461	-4.80737	-2.19634	0	10000	0.00019998	0	0.00073764	0.00049995	0	0.0018441	b_min=0: p at replicate floor	primary sensitivity: LD-block resampling with exact axis-excluded gPS^(-d) from the source ledger
