gene_symbol	ensembl_id	gPS	tsepilov_zone	magma_z_scz	magma_z_bip	OR_ptv	schema_p	schema_fdr	has_PAV	pav_lead	x	y	bubble_s	color
AKAP11	ENSG00000023516	17	high_gPS6plus	2.4459	1.6661	5.25	8.28e-06	0.0125	True	False	17	2.4459	157.5	#FF9400
ANKRD12	ENSG00000101745		not_in_gPS	2.3897	0.62567	3.55	7.87e-05	0.0467	False	False	0.3	2.3897	106.5	#BBBBBB
ASH1L	ENSG00000116539	5	optimal_2to5	1.856	1.1363	18.1	3.77e-05	0.0325	True	False	5	1.856	543	#75A025
CACNA1G	ENSG00000006283		not_in_gPS	3.1041	2.6456	3.09	4.57e-07	0.00154	False	False	0.38125	3.1041	92.7	#BBBBBB
CUL1	ENSG00000055130	3	optimal_2to5	2.3916	-0.44799	36.1	2.01e-09	1.82e-05	True	False	3	2.3916	750	#75A025
DAGLA	ENSG00000134780	2	optimal_2to5	2.9248	4.3092	6.02	6.87e-05	0.0461	True	False	2	2.9248	180.6	#75A025
DNM3	ENSG00000197959	13	high_gPS6plus	2.5164	2.5285	3.4	3.53e-05	0.032	True	False	13	2.5164	102	#FF9400
FAM120A	ENSG00000048828	4	optimal_2to5	5.2962	2.8664	28.1	2.22e-05	0.0237	True	False	4	5.2962	750	#75A025
GRIN2A	ENSG00000183454	9	high_gPS6plus	4.8485	5.2321	18.1	7.37e-07	0.00167	True	False	9	4.8485	543	#FF9400
HCN4	ENSG00000138622	9	high_gPS6plus	3.9752	1.4986	inf	2.54e-06	0.00419	True	False	9	3.9752	750	#FF9400
HERC1	ENSG00000103657	2	optimal_2to5	1.0797	1.978	3.51	1.26e-06	0.00254	True	False	2	1.0797	105.3	#75A025
KDM6B	ENSG00000132510		not_in_gPS	1.552	-0.29406	7.23	2.57e-05	0.0245	False	False	0.4625	1.552	216.9	#BBBBBB
MAGI2	ENSG00000187391	9	high_gPS6plus	4.0481	3.0993	9.64	6.41e-05	0.0447	True	False	9	4.0481	289.2	#FF9400
NR3C2	ENSG00000151623	13	high_gPS6plus	3.1588	1.6672	9.37	1.6e-05	0.0194	True	False	13	3.1588	281.1	#FF9400
OR4P4	ENSG00000181927		not_in_gPS	0.75968	1.1215	10	7.43e-05	0.0467	False	False	0.54375	0.75968	300	#BBBBBB
PCLO	ENSG00000186472	9	high_gPS6plus	4.99	4.3374	4.02	0.00013	0.0706	True	False	9	4.99	120.6	#FF9400
PREP	ENSG00000085377	3	optimal_2to5	2.0816	-1.2166	3.65	5.99e-05	0.0447	True	False	3	2.0816	109.5	#75A025
RB1CC1	ENSG00000023287		not_in_gPS	-0.39856	0.44054	10	2e-06	0.00363	False	False	0.625	-0.39856	300	#BBBBBB
SETD1A	ENSG00000099381	1	low_gPS1	0.095532	-0.24403	20.1	2e-12	3.62e-08	True	True	1	0.095532	603	#0279EE
SLC22A11	ENSG00000168065	1	low_gPS1	-0.28567	-0.22053	3.84	7.56e-05	0.0467	True	False	1	-0.28567	115.2	#0279EE
SOBP	ENSG00000112320		not_in_gPS	2.2616	0.75058	12	0.000132	0.0706	False	False	0.70625	2.2616	360	#BBBBBB
SP4	ENSG00000105866	5	optimal_2to5	3.8788	5.3554	9.37	5.08e-07	0.00154	True	False	5	3.8788	281.1	#75A025
SRRM2	ENSG00000167978		not_in_gPS	1.5875	1.7198	7.14	1.53e-05	0.0194	False	False	0.7875	1.5875	214.2	#BBBBBB
STAG1	ENSG00000118007	22	high_gPS6plus	5.1011	1.7464	8.03	5.26e-05	0.0434	True	False	22	5.1011	240.9	#FF9400
SV2A	ENSG00000159164	2	optimal_2to5	1.6267	1.6916	5.74	8.21e-05	0.0467	True	False	2	1.6267	172.2	#75A025
TRIO	ENSG00000038382	1	low_gPS1	0.73532	1.2617	5.02	6.35e-08	0.000288	True	False	1	0.73532	150.6	#0279EE
XPO7	ENSG00000130227	6	high_gPS6plus	-1.2284	1.912	52.2	7.18e-09	4.34e-05	True	False	6	-1.2284	750	#FF9400
ZMYM2	ENSG00000121741		not_in_gPS	1.2913	1.4479	4.88	1.73e-05	0.0196	False	False	0.86875	1.2913	146.4	#BBBBBB
ZNF136	ENSG00000196646		not_in_gPS	1.6509	2.5259	3.7	9.42e-06	0.0131	False	False	0.95	1.6509	111	#BBBBBB
