trait	category	display_label	n_eff	n_genes	beta	beta_std	se	ci_lo	ci_hi	p_one_sided	sig	power_caveat
Height	Anthropometric control (Height)	Height (GIANT)	1591189	7765	0.15739	0.16392	0.02205	0.120702	0.207138	4.73946e-13	***	False
IBD2017	Non-psychiatric disease (IBD)	IBD (2017)	58331	7785	0.17511	0.18205	0.013928	0.154751	0.209349	3.5793e-36	***	False
MDD2025	Psychiatric (SCZ/BD/MDD/ADHD)	MDD (PGC2025)	1149344	7784	0.085883	0.089428	0.014661	0.0606924	0.118164	2.34347e-09	***	False
SCZ3	Psychiatric (SCZ/BD/MDD/ADHD)	SCZ (PGC3)	58749	7792	0.073856	0.076893	0.014768	0.0479477	0.105838	2.85045e-07	***	False
ADHD2022	Psychiatric (SCZ/BD/MDD/ADHD)	ADHD (PGC2022)	128214	7757	0.064598	0.067186	0.012095	0.0434798	0.0908922	4.6247e-08	***	False
BIP2021	Psychiatric (SCZ/BD/MDD/ADHD)	BD (PGC2021)	101962	7777	0.042217	0.043964	0.01339	0.0177196	0.0702084	0.000808354	***	False
OCD2025	Neurological/Neuro-dev (PD/OCD/ASD)	OCD (2025) †	76498	7777	0.021293	0.022141	0.010692	0.00118468	0.0430973	0.023238	*	True
ASD2019	Neurological/Neuro-dev (PD/OCD/ASD)	ASD (2019)	44367	7774	0.0129	0.013413	0.011155	-0.0084508	0.0352768	0.12376	ns	False
PD2019	Neurological/Neuro-dev (PD/OCD/ASD)	PD (2019)	125300	7788	0.010015	0.010412	0.011532	-0.0121907	0.0330147	0.19257	ns	False
