chr	start	stop	block_id
1	10583	1892607	EUR_0001
1	1892607	3582736	EUR_0002
1	3582736	4380811	EUR_0003
1	4380811	5913893	EUR_0004
1	5913893	7247335	EUR_0005
1	7247335	9365199	EUR_0006
1	9365199	10806984	EUR_0007
1	10806984	11777841	EUR_0008
1	11777841	12779466	EUR_0009
1	12779466	14891511	EUR_0010
1	14891511	16897730	EUR_0011
1	16897730	18662899	EUR_0012
1	18662899	20469149	EUR_0013
1	20469149	21736588	EUR_0014
1	21736588	23086883	EUR_0015
1	23086883	23920590	EUR_0016
1	23920590	25516845	EUR_0017
1	25516845	27401867	EUR_0018
1	27401867	30161881	EUR_0019
1	30161881	32438685	EUR_0020
1	32438685	34799758	EUR_0021
1	34799758	37549183	EUR_0022
1	37549183	38731847	EUR_0023
1	38731847	40200567	EUR_0024
1	40200567	41975327	EUR_0025
1	41975327	43758457	EUR_0026
1	43758457	44969183	EUR_0027
1	44969183	46899501	EUR_0028
1	46899501	48002576	EUR_0029
1	48002576	48978188	EUR_0030
1	48978188	49894177	EUR_0031
1	49894177	51713726	EUR_0032
1	51713726	54226262	EUR_0033
1	54226262	56413117	EUR_0034
1	56413117	57021728	EUR_0035
1	57021728	58865399	EUR_0036
1	58865399	59890409	EUR_0037
1	59890409	61922365	EUR_0038
1	61922365	63455089	EUR_0039
1	63455089	65041704	EUR_0040
1	65041704	66939404	EUR_0041
1	66939404	68477895	EUR_0042
1	68477895	69687616	EUR_0043
1	69687616	71372470	EUR_0044
1	71372470	71684405	EUR_0045
1	71684405	74326907	EUR_0046
1	74326907	76728135	EUR_0047
1	76728135	79661198	EUR_0048
1	79661198	81354191	EUR_0049
1	81354191	83991748	EUR_0050
1	83991748	84844495	EUR_0051
1	84844495	86454751	EUR_0052
1	86454751	88128631	EUR_0053
1	88128631	90066303	EUR_0054
1	90066303	91886317	EUR_0055
1	91886317	93536459	EUR_0056
1	93536459	94506191	EUR_0057
1	94506191	96150893	EUR_0058
1	96150893	97885249	EUR_0059
1	97885249	99800604	EUR_0060
1	99800604	100826405	EUR_0061
1	100826405	102041016	EUR_0062
1	102041016	102898745	EUR_0063
1	102898745	103914211	EUR_0064
1	103914211	106087842	EUR_0065
1	106087842	108409665	EUR_0066
1	108409665	110303931	EUR_0067
1	110303931	111741737	EUR_0068
1	111741737	113273306	EUR_0069
1	113273306	114873845	EUR_0070
1	114873845	115880593	EUR_0071
1	115880593	118839067	EUR_0072
1	118839067	144977494	EUR_0073
1	144977494	148361253	EUR_0074
1	148361253	151538881	EUR_0075
1	151538881	153180829	EUR_0076
1	153180829	154770403	EUR_0077
1	154770403	156336133	EUR_0078
1	156336133	158027412	EUR_0079
1	158027412	159913048	EUR_0080
1	159913048	162346721	EUR_0081
1	162346721	165191702	EUR_0082
1	165191702	166460517	EUR_0083
1	166460517	169086324	EUR_0084
1	169086324	170557776	EUR_0085
1	170557776	173097907	EUR_0086
1	173097907	175089768	EUR_0087
1	175089768	177433381	EUR_0088
1	177433381	178944309	EUR_0089
1	178944309	178954470	EUR_0090
1	178954470	181144121	EUR_0091
1	181144121	182755356	EUR_0092
1	182755356	184595513	EUR_0093
1	184595513	186810023	EUR_0094
1	186810023	188759945	EUR_0095
1	188759945	189904130	EUR_0096
1	189904130	191868930	EUR_0097
1	191868930	194107442	EUR_0098
1	194107442	196176201	EUR_0099
1	196176201	197311514	EUR_0100
1	197311514	199239884	EUR_0101
1	199239884	200137649	EUR_0102
1	200137649	201589975	EUR_0103
1	201589975	203334734	EUR_0104
1	203334734	204681068	EUR_0105
1	204681068	206073265	EUR_0106
1	206073265	208410364	EUR_0107
1	208410364	210787750	EUR_0108
1	210787750	212842330	EUR_0109
1	212842330	214578266	EUR_0110
1	214578266	216243634	EUR_0111
1	216243634	218705513	EUR_0112
1	218705513	219590571	EUR_0113
1	219590571	221858231	EUR_0114
1	221858231	222230220	EUR_0115
1	222230220	224938520	EUR_0116
1	224938520	226810860	EUR_0117
1	226810860	229156248	EUR_0118
1	229156248	230685255	EUR_0119
1	230685255	232090252	EUR_0120
1	232090252	233429284	EUR_0121
1	233429284	234599434	EUR_0122
1	234599434	235819436	EUR_0123
1	235819436	237555628	EUR_0124
1	237555628	238567807	EUR_0125
1	238567807	239925314	EUR_0126
1	239925314	240564091	EUR_0127
1	240564091	241582220	EUR_0128
1	241582220	242071602	EUR_0129
1	242071602	244109499	EUR_0130
1	244109499	245506746	EUR_0131
1	245506746	247344518	EUR_0132
1	247344518	249239466	EUR_0133
2	10133	1781022	EUR_0134
2	1781022	3973779	EUR_0135
2	3973779	5708337	EUR_0136
2	5708337	6836254	EUR_0137
2	6836254	8422147	EUR_0138
2	8422147	10298469	EUR_0139
2	10298469	12419150	EUR_0140
2	12419150	14335308	EUR_0141
2	14335308	16329735	EUR_0142
2	16329735	18647423	EUR_0143
2	18647423	19692404	EUR_0144
2	19692404	21050490	EUR_0145
2	21050490	23341383	EUR_0146
2	23341383	24686918	EUR_0147
2	24686918	26894985	EUR_0148
2	26894985	28598777	EUR_0149
2	28598777	29217559	EUR_0150
2	29217559	30463711	EUR_0151
2	30463711	31550450	EUR_0152
2	31550450	33363777	EUR_0153
2	33363777	35345028	EUR_0154
2	35345028	36122006	EUR_0155
2	36122006	38132712	EUR_0156
2	38132712	39031337	EUR_0157
2	39031337	40281483	EUR_0158
2	40281483	43309590	EUR_0159
2	43309590	44313803	EUR_0160
2	44313803	46482634	EUR_0161
2	46482634	47318772	EUR_0162
2	47318772	48213001	EUR_0163
2	48213001	50022257	EUR_0164
2	50022257	50818928	EUR_0165
2	50818928	52491133	EUR_0166
2	52491133	53508452	EUR_0167
2	53508452	54685226	EUR_0168
2	54685226	56203345	EUR_0169
2	56203345	57429100	EUR_0170
2	57429100	58297315	EUR_0171
2	58297315	60292000	EUR_0172
2	60292000	62429044	EUR_0173
2	62429044	64625913	EUR_0174
2	64625913	65933444	EUR_0175
2	65933444	67226166	EUR_0176
2	67226166	68010176	EUR_0177
2	68010176	69139564	EUR_0178
2	69139564	70755198	EUR_0179
2	70755198	73174848	EUR_0180
2	73174848	75630086	EUR_0181
2	75630086	76913661	EUR_0182
2	76913661	78079264	EUR_0183
2	78079264	80050403	EUR_0184
2	80050403	81620841	EUR_0185
2	81620841	85140680	EUR_0186
2	85140680	88038507	EUR_0187
2	88038507	89154526	EUR_0188
2	89154526	95326452	EUR_0189
2	95326452	98995201	EUR_0190
2	98995201	101822329	EUR_0191
2	101822329	102688765	EUR_0192
2	102688765	103588215	EUR_0193
2	103588215	105125034	EUR_0194
2	105125034	106210058	EUR_0195
2	106210058	107408267	EUR_0196
2	107408267	108429177	EUR_0197
2	108429177	110572432	EUR_0198
2	110572432	113921856	EUR_0199
2	113921856	116772470	EUR_0200
2	116772470	118367466	EUR_0201
2	118367466	121303783	EUR_0202
2	121303783	123302906	EUR_0203
2	123302906	124732250	EUR_0204
2	124732250	125840921	EUR_0205
2	125840921	127373764	EUR_0206
2	127373764	128034347	EUR_0207
2	128034347	129474441	EUR_0208
2	129474441	130067170	EUR_0209
2	130067170	130658085	EUR_0210
2	130658085	133042784	EUR_0211
2	133042784	135158578	EUR_0212
2	135158578	137042794	EUR_0213
2	137042794	138698117	EUR_0214
2	138698117	140100271	EUR_0215
2	140100271	141805351	EUR_0216
2	141805351	142518602	EUR_0217
2	142518602	144519484	EUR_0218
2	144519484	146445570	EUR_0219
2	146445570	147277162	EUR_0220
2	147277162	150210292	EUR_0221
2	150210292	151731462	EUR_0222
2	151731462	152486782	EUR_0223
2	152486782	154005056	EUR_0224
2	154005056	155391135	EUR_0225
2	155391135	157560635	EUR_0226
2	157560635	158533218	EUR_0227
2	158533218	159577082	EUR_0228
2	159577082	161769733	EUR_0229
2	161769733	163503551	EUR_0230
2	163503551	164466638	EUR_0231
2	164466638	165178840	EUR_0232
2	165178840	167160270	EUR_0233
2	167160270	167355970	EUR_0234
2	167355970	169968236	EUR_0235
2	169968236	171226245	EUR_0236
2	171226245	173138905	EUR_0237
2	173138905	175588929	EUR_0238
2	175588929	177363636	EUR_0239
2	177363636	178553183	EUR_0240
2	178553183	181312739	EUR_0241
2	181312739	182266031	EUR_0242
2	182266031	184357608	EUR_0243
2	184357608	185280173	EUR_0244
2	185280173	189882065	EUR_0245
2	189882065	191973357	EUR_0246
2	191973357	195861164	EUR_0247
2	195861164	196447456	EUR_0248
2	196447456	198078110	EUR_0249
2	198078110	199311125	EUR_0250
2	199311125	201576284	EUR_0251
2	201576284	202818637	EUR_0252
2	202818637	205799241	EUR_0253
2	205799241	206735704	EUR_0254
2	206735704	208645399	EUR_0255
2	208645399	209941529	EUR_0256
2	209941529	212379518	EUR_0257
2	212379518	214014282	EUR_0258
2	214014282	215573795	EUR_0259
2	215573795	217715661	EUR_0260
2	217715661	218395480	EUR_0261
2	218395480	220454551	EUR_0262
2	220454551	222521176	EUR_0263
2	222521176	224859419	EUR_0264
2	224859419	225840004	EUR_0265
2	225840004	228119842	EUR_0266
2	228119842	229370787	EUR_0267
2	229370787	231843389	EUR_0268
2	231843389	233550003	EUR_0269
2	233550003	235150987	EUR_0270
2	235150987	236043550	EUR_0271
2	236043550	237449032	EUR_0272
2	237449032	238760981	EUR_0273
2	238760981	239952643	EUR_0274
2	239952643	241560084	EUR_0275
2	241560084	242149921	EUR_0276
2	242149921	243188920	EUR_0277
3	60157	1441779	EUR_0278
3	1441779	2992120	EUR_0279
3	2992120	4431647	EUR_0280
3	4431647	6083183	EUR_0281
3	6083183	7083387	EUR_0282
3	7083387	8648561	EUR_0283
3	8648561	9543183	EUR_0284
3	9543183	11019665	EUR_0285
3	11019665	13070799	EUR_0286
3	13070799	14816900	EUR_0287
3	14816900	16282442	EUR_0288
3	16282442	17891118	EUR_0289
3	17891118	19125144	EUR_0290
3	19125144	20091348	EUR_0291
3	20091348	21643707	EUR_0292
3	21643707	22204244	EUR_0293
3	22204244	23804865	EUR_0294
3	23804865	25461558	EUR_0295
3	25461558	26877769	EUR_0296
3	26877769	27840910	EUR_0297
3	27840910	29142260	EUR_0298
3	29142260	30717955	EUR_0299
3	30717955	32351715	EUR_0300
3	32351715	33255592	EUR_0301
3	33255592	35283458	EUR_0302
3	35283458	36486842	EUR_0303
3	36486842	38356116	EUR_0304
3	38356116	40221298	EUR_0305
3	40221298	41064528	EUR_0306
3	41064528	42540002	EUR_0307
3	42540002	45165153	EUR_0308
3	45165153	46657500	EUR_0309
3	46657500	47727212	EUR_0310
3	47727212	49316972	EUR_0311
3	49316972	51832015	EUR_0312
3	51832015	54081390	EUR_0313
3	54081390	55348860	EUR_0314
3	55348860	56433907	EUR_0315
3	56433907	58157519	EUR_0316
3	58157519	60272906	EUR_0317
3	60272906	62355666	EUR_0318
3	62355666	63669286	EUR_0319
3	63669286	65273538	EUR_0320
3	65273538	66270447	EUR_0321
3	66270447	68286914	EUR_0322
3	68286914	69276762	EUR_0323
3	69276762	70449028	EUR_0324
3	70449028	72529329	EUR_0325
3	72529329	74321817	EUR_0326
3	74321817	75704949	EUR_0327
3	75704949	77508835	EUR_0328
3	77508835	79024541	EUR_0329
3	79024541	81427310	EUR_0330
3	81427310	82643886	EUR_0331
3	82643886	84367479	EUR_0332
3	84367479	85582231	EUR_0333
3	85582231	87409732	EUR_0334
3	87409732	88298373	EUR_0335
3	88298373	94255316	EUR_0336
3	94255316	95311971	EUR_0337
3	95311971	98215950	EUR_0338
3	98215950	99373762	EUR_0339
3	99373762	100592217	EUR_0340
3	100592217	103084960	EUR_0341
3	103084960	104581613	EUR_0342
3	104581613	106982811	EUR_0343
3	106982811	109522395	EUR_0344
3	109522395	110513770	EUR_0345
3	110513770	112815699	EUR_0346
3	112815699	113947863	EUR_0347
3	113947863	115447080	EUR_0348
3	115447080	116800153	EUR_0349
3	116800153	118530251	EUR_0350
3	118530251	120523055	EUR_0351
3	120523055	121974097	EUR_0352
3	121974097	123517768	EUR_0353
3	123517768	124936642	EUR_0354
3	124936642	126214943	EUR_0355
3	126214943	128194861	EUR_0356
3	128194861	130244735	EUR_0357
3	130244735	131836516	EUR_0358
3	131836516	133252173	EUR_0359
3	133252173	135456906	EUR_0360
3	135456906	137371083	EUR_0361
3	137371083	139954597	EUR_0362
3	139954597	141339097	EUR_0363
3	141339097	143164628	EUR_0364
3	143164628	144410816	EUR_0365
3	144410816	145664619	EUR_0366
3	145664619	146726629	EUR_0367
3	146726629	149043237	EUR_0368
3	149043237	150252004	EUR_0369
3	150252004	151348730	EUR_0370
3	151348730	153256571	EUR_0371
3	153256571	154714218	EUR_0372
3	154714218	156008700	EUR_0373
3	156008700	157312028	EUR_0374
3	157312028	159477890	EUR_0375
3	159477890	161524504	EUR_0376
3	161524504	163253205	EUR_0377
3	163253205	165055469	EUR_0378
3	165055469	167117429	EUR_0379
3	167117429	168580960	EUR_0380
3	168580960	170964909	EUR_0381
3	170964909	172295731	EUR_0382
3	172295731	173477285	EUR_0383
3	173477285	175116539	EUR_0384
3	175116539	176320287	EUR_0385
3	176320287	178107165	EUR_0386
3	178107165	179374586	EUR_0387
3	179374586	181511166	EUR_0388
3	181511166	183769683	EUR_0389
3	183769683	185068255	EUR_0390
3	185068255	186890344	EUR_0391
3	186890344	188856214	EUR_0392
3	188856214	190226607	EUR_0393
3	190226607	192343814	EUR_0394
3	192343814	194059671	EUR_0395
3	194059671	194786674	EUR_0396
3	194786674	195971408	EUR_0397
3	195971408	197075987	EUR_0398
3	197075987	197946622	EUR_0399
4	10240	694715	EUR_0400
4	694715	1478711	EUR_0401
4	1478711	2842979	EUR_0402
4	2842979	3846040	EUR_0403
4	3846040	4684116	EUR_0404
4	4684116	5502388	EUR_0405
4	5502388	6773043	EUR_0406
4	6773043	7539692	EUR_0407
4	7539692	8152235	EUR_0408
4	8152235	9326479	EUR_0409
4	9326479	10699152	EUR_0410
4	10699152	12323034	EUR_0411
4	12323034	14272001	EUR_0412
4	14272001	15147446	EUR_0413
4	15147446	15927009	EUR_0414
4	15927009	17383322	EUR_0415
4	17383322	18841874	EUR_0416
4	18841874	20544557	EUR_0417
4	20544557	22319347	EUR_0418
4	22319347	24135529	EUR_0419
4	24135529	25609322	EUR_0420
4	25609322	27343722	EUR_0421
4	27343722	27965868	EUR_0422
4	27965868	29762208	EUR_0423
4	29762208	30454535	EUR_0424
4	30454535	31782981	EUR_0425
4	31782981	33172766	EUR_0426
4	33172766	35151415	EUR_0427
4	35151415	36020436	EUR_0428
4	36020436	37255047	EUR_0429
4	37255047	38907022	EUR_0430
4	38907022	40202609	EUR_0431
4	40202609	42213058	EUR_0432
4	42213058	43965045	EUR_0433
4	43965045	45189157	EUR_0434
4	45189157	47411896	EUR_0435
4	47411896	48123600	EUR_0436
4	48123600	53877433	EUR_0437
4	53877433	55429556	EUR_0438
4	55429556	56547644	EUR_0439
4	56547644	58935008	EUR_0440
4	58935008	60741087	EUR_0441
4	60741087	62371763	EUR_0442
4	62371763	64341001	EUR_0443
4	64341001	66600492	EUR_0444
4	66600492	68059497	EUR_0445
4	68059497	68854765	EUR_0446
4	68854765	71049152	EUR_0447
4	71049152	72140558	EUR_0448
4	72140558	74592390	EUR_0449
4	74592390	77130707	EUR_0450
4	77130707	79093979	EUR_0451
4	79093979	80990297	EUR_0452
4	80990297	82125315	EUR_0453
4	82125315	83372593	EUR_0454
4	83372593	84799656	EUR_0455
4	84799656	86930609	EUR_0456
4	86930609	87534648	EUR_0457
4	87534648	89238028	EUR_0458
4	89238028	90231564	EUR_0459
4	90231564	91560677	EUR_0460
4	91560677	94233299	EUR_0461
4	94233299	96182188	EUR_0462
4	96182188	97540703	EUR_0463
4	97540703	99424067	EUR_0464
4	99424067	100678360	EUR_0465
4	100678360	103221356	EUR_0466
4	103221356	105305294	EUR_0467
4	105305294	107501305	EUR_0468
4	107501305	108815348	EUR_0469
4	108815348	111256567	EUR_0470
4	111256567	113870102	EUR_0471
4	113870102	115666246	EUR_0472
4	115666246	117276929	EUR_0473
4	117276929	118479918	EUR_0474
4	118479918	119933512	EUR_0475
4	119933512	120392684	EUR_0476
4	120392684	122657987	EUR_0477
4	122657987	124286481	EUR_0478
4	124286481	125210862	EUR_0479
4	125210862	126480886	EUR_0480
4	126480886	127275477	EUR_0481
4	127275477	127830293	EUR_0482
4	127830293	128996665	EUR_0483
4	128996665	130591885	EUR_0484
4	130591885	131283821	EUR_0485
4	131283821	132954033	EUR_0486
4	132954033	134628434	EUR_0487
4	134628434	136566407	EUR_0488
4	136566407	138541971	EUR_0489
4	138541971	139556511	EUR_0490
4	139556511	141084631	EUR_0491
4	141084631	143443265	EUR_0492
4	143443265	146178187	EUR_0493
4	146178187	148521873	EUR_0494
4	148521873	150683580	EUR_0495
4	150683580	152782184	EUR_0496
4	152782184	154477641	EUR_0497
4	154477641	155056126	EUR_0498
4	155056126	157485097	EUR_0499
4	157485097	158743718	EUR_0500
4	158743718	161058864	EUR_0501
4	161058864	161826435	EUR_0502
4	161826435	163243679	EUR_0503
4	163243679	164478234	EUR_0504
4	164478234	165823448	EUR_0505
4	165823448	167018858	EUR_0506
4	167018858	167852917	EUR_0507
4	167852917	169676825	EUR_0508
4	169676825	170776510	EUR_0509
4	170776510	172558635	EUR_0510
4	172558635	174264132	EUR_0511
4	174264132	176570716	EUR_0512
4	176570716	178991910	EUR_0513
4	178991910	180122043	EUR_0514
4	180122043	182066807	EUR_0515
4	182066807	183371275	EUR_0516
4	183371275	184929455	EUR_0517
4	184929455	186909090	EUR_0518
4	186909090	188472981	EUR_0519
4	188472981	189693511	EUR_0520
4	189693511	191043594	EUR_0521
5	11940	982252	EUR_0522
5	982252	2132442	EUR_0523
5	2132442	3361941	EUR_0524
5	3361941	4632110	EUR_0525
5	4632110	5973233	EUR_0526
5	5973233	7143218	EUR_0527
5	7143218	8446336	EUR_0528
5	8446336	9718832	EUR_0529
5	9718832	11173271	EUR_0530
5	11173271	13464832	EUR_0531
5	13464832	14757804	EUR_0532
5	14757804	16963613	EUR_0533
5	16963613	18051592	EUR_0534
5	18051592	19917716	EUR_0535
5	19917716	22152073	EUR_0536
5	22152073	23494324	EUR_0537
5	23494324	26184851	EUR_0538
5	26184851	26857604	EUR_0539
5	26857604	27984513	EUR_0540
5	27984513	29714820	EUR_0541
5	29714820	31390249	EUR_0542
5	31390249	33500180	EUR_0543
5	33500180	35048970	EUR_0544
5	35048970	36433954	EUR_0545
5	36433954	38802410	EUR_0546
5	38802410	40287729	EUR_0547
5	40287729	41888710	EUR_0548
5	41888710	43983499	EUR_0549
5	43983499	50163398	EUR_0550
5	50163398	52134622	EUR_0551
5	52134622	53703044	EUR_0552
5	53703044	55417349	EUR_0553
5	55417349	56621102	EUR_0554
5	56621102	57340073	EUR_0555
5	57340073	58524622	EUR_0556
5	58524622	60935907	EUR_0557
5	60935907	61672995	EUR_0558
5	61672995	63218987	EUR_0559
5	63218987	63968304	EUR_0560
5	63968304	65911286	EUR_0561
5	65911286	67850860	EUR_0562
5	67850860	71240456	EUR_0563
5	71240456	73759326	EUR_0564
5	73759326	75798866	EUR_0565
5	75798866	77623332	EUR_0566
5	77623332	79393144	EUR_0567
5	79393144	80481471	EUR_0568
5	80481471	82025648	EUR_0569
5	82025648	83972689	EUR_0570
5	83972689	85767290	EUR_0571
5	85767290	87389991	EUR_0572
5	87389991	88891530	EUR_0573
5	88891530	90422654	EUR_0574
5	90422654	91840542	EUR_0575
5	91840542	93809984	EUR_0576
5	93809984	95963519	EUR_0577
5	95963519	97315601	EUR_0578
5	97315601	99260992	EUR_0579
5	99260992	101578769	EUR_0580
5	101578769	103320005	EUR_0581
5	103320005	104851483	EUR_0582
5	104851483	105893055	EUR_0583
5	105893055	107264196	EUR_0584
5	107264196	108633934	EUR_0585
5	108633934	110821144	EUR_0586
5	110821144	111981562	EUR_0587
5	111981562	113396285	EUR_0588
5	113396285	114830370	EUR_0589
5	114830370	115831047	EUR_0590
5	115831047	117346213	EUR_0591
5	117346213	118608820	EUR_0592
5	118608820	119669042	EUR_0593
5	119669042	120452166	EUR_0594
5	120452166	122556905	EUR_0595
5	122556905	123798100	EUR_0596
5	123798100	125785649	EUR_0597
5	125785649	127344604	EUR_0598
5	127344604	129519025	EUR_0599
5	129519025	132139649	EUR_0600
5	132139649	134777401	EUR_0601
5	134777401	136376050	EUR_0602
5	136376050	139265072	EUR_0603
5	139265072	140645971	EUR_0604
5	140645971	142981248	EUR_0605
5	142981248	144943354	EUR_0606
5	144943354	147181998	EUR_0607
5	147181998	148662624	EUR_0608
5	148662624	150561298	EUR_0609
5	150561298	152867774	EUR_0610
5	152867774	153773088	EUR_0611
5	153773088	155373505	EUR_0612
5	155373505	156628700	EUR_0613
5	156628700	158825698	EUR_0614
5	158825698	159973944	EUR_0615
5	159973944	161482133	EUR_0616
5	161482133	162743908	EUR_0617
5	162743908	163771582	EUR_0618
5	163771582	165642395	EUR_0619
5	165642395	166847740	EUR_0620
5	166847740	168525318	EUR_0621
5	168525318	169505664	EUR_0622
5	169505664	171074292	EUR_0623
5	171074292	172678327	EUR_0624
5	172678327	173642871	EUR_0625
5	173642871	175450595	EUR_0626
5	175450595	177251507	EUR_0627
5	177251507	178413464	EUR_0628
5	178413464	179401244	EUR_0629
5	179401244	180559933	EUR_0630
5	180559933	180885156	EUR_0631
6	73924	1452362	EUR_0632
6	1452362	2458936	EUR_0633
6	2458936	3573593	EUR_0634
6	3573593	4617817	EUR_0635
6	4617817	5791472	EUR_0636
6	5791472	6785207	EUR_0637
6	6785207	7808936	EUR_0638
6	7808936	9020026	EUR_0639
6	9020026	10540317	EUR_0640
6	10540317	11790816	EUR_0641
6	11790816	13209388	EUR_0642
6	13209388	14802924	EUR_0643
6	14802924	17386405	EUR_0644
6	17386405	19207487	EUR_0645
6	19207487	21684065	EUR_0646
6	21684065	22748307	EUR_0647
6	22748307	23936619	EUR_0648
6	23936619	24852275	EUR_0649
6	24852275	25684587	EUR_0650
6	25684587	26791233	EUR_0651
6	26791233	28017819	EUR_0652
6	28017819	28917608	EUR_0653
6	28917608	29737971	EUR_0654
6	29737971	30798168	EUR_0655
6	30798168	31571218	EUR_0656
6	31571218	32682664	EUR_0657
6	32682664	33236497	EUR_0658
6	33236497	35455756	EUR_0659
6	35455756	37572596	EUR_0660
6	37572596	39295677	EUR_0661
6	39295677	40345115	EUR_0662
6	40345115	42038721	EUR_0663
6	42038721	43756169	EUR_0664
6	43756169	45406563	EUR_0665
6	45406563	47311898	EUR_0666
6	47311898	48391125	EUR_0667
6	48391125	50386145	EUR_0668
6	50386145	52210476	EUR_0669
6	52210476	53279102	EUR_0670
6	53279102	55468270	EUR_0671
6	55468270	56105313	EUR_0672
6	56105313	57599465	EUR_0673
6	57599465	61880512	EUR_0674
6	61880512	63552888	EUR_0675
6	63552888	65765742	EUR_0676
6	65765742	67329215	EUR_0677
6	67329215	68849483	EUR_0678
6	68849483	69523448	EUR_0679
6	69523448	71609510	EUR_0680
6	71609510	73450097	EUR_0681
6	73450097	75462003	EUR_0682
6	75462003	77414881	EUR_0683
6	77414881	78957728	EUR_0684
6	78957728	80691170	EUR_0685
6	80691170	81929222	EUR_0686
6	81929222	83127149	EUR_0687
6	83127149	85209989	EUR_0688
6	85209989	87069500	EUR_0689
6	87069500	88822140	EUR_0690
6	88822140	89973052	EUR_0691
6	89973052	91843196	EUR_0692
6	91843196	93428644	EUR_0693
6	93428644	94118142	EUR_0694
6	94118142	94441175	EUR_0695
6	94441175	97093511	EUR_0696
6	97093511	97842284	EUR_0697
6	97842284	100630146	EUR_0698
6	100630146	102636772	EUR_0699
6	102636772	103983395	EUR_0700
6	103983395	106056733	EUR_0701
6	106056733	107450306	EUR_0702
6	107450306	108464380	EUR_0703
6	108464380	110304247	EUR_0704
6	110304247	112345014	EUR_0705
6	112345014	114220833	EUR_0706
6	114220833	116131396	EUR_0707
6	116131396	117672972	EUR_0708
6	117672972	118963115	EUR_0709
6	118963115	119963278	EUR_0710
6	119963278	120512128	EUR_0711
6	120512128	121905676	EUR_0712
6	121905676	123856181	EUR_0713
6	123856181	125424383	EUR_0714
6	125424383	127540461	EUR_0715
6	127540461	129861031	EUR_0716
6	129861031	130935454	EUR_0717
6	130935454	132765669	EUR_0718
6	132765669	134244243	EUR_0719
6	134244243	136224177	EUR_0720
6	136224177	137614218	EUR_0721
6	137614218	138822629	EUR_0722
6	138822629	139845436	EUR_0723
6	139845436	142288479	EUR_0724
6	142288479	145319810	EUR_0725
6	145319810	146665424	EUR_0726
6	146665424	148920352	EUR_0727
6	148920352	150253404	EUR_0728
6	150253404	151912703	EUR_0729
6	151912703	153094496	EUR_0730
6	153094496	154974120	EUR_0731
6	154974120	156763326	EUR_0732
6	156763326	158218719	EUR_0733
6	158218719	160580497	EUR_0734
6	160580497	162169564	EUR_0735
6	162169564	162931203	EUR_0736
6	162931203	164383521	EUR_0737
6	164383521	165586864	EUR_0738
6	165586864	167024733	EUR_0739
6	167024733	168042835	EUR_0740
6	168042835	169382050	EUR_0741
6	169382050	170330173	EUR_0742
6	170330173	171051270	EUR_0743
7	16161	972752	EUR_0744
7	972752	1353067	EUR_0745
7	1353067	2062398	EUR_0746
7	2062398	2772227	EUR_0747
7	2772227	4573428	EUR_0748
7	4573428	5416232	EUR_0749
7	5416232	5854526	EUR_0750
7	5854526	6573857	EUR_0751
7	6573857	7808752	EUR_0752
7	7808752	9123423	EUR_0753
7	9123423	9987499	EUR_0754
7	9987499	11299198	EUR_0755
7	11299198	12635461	EUR_0756
7	12635461	13884202	EUR_0757
7	13884202	15143657	EUR_0758
7	15143657	16902069	EUR_0759
7	16902069	19481547	EUR_0760
7	19481547	20124908	EUR_0761
7	20124908	22507629	EUR_0762
7	22507629	23471442	EUR_0763
7	23471442	25077259	EUR_0764
7	25077259	25909555	EUR_0765
7	25909555	28360309	EUR_0766
7	28360309	31137289	EUR_0767
7	31137289	33555768	EUR_0768
7	33555768	36213538	EUR_0769
7	36213538	37555184	EUR_0770
7	37555184	38966703	EUR_0771
7	38966703	39862670	EUR_0772
7	39862670	42001811	EUR_0773
7	42001811	43159074	EUR_0774
7	43159074	44763828	EUR_0775
7	44763828	45952922	EUR_0776
7	45952922	46986720	EUR_0777
7	46986720	49212278	EUR_0778
7	49212278	51675322	EUR_0779
7	51675322	53176312	EUR_0780
7	53176312	54222976	EUR_0781
7	54222976	55691584	EUR_0782
7	55691584	57382638	EUR_0783
7	57382638	63307359	EUR_0784
7	63307359	63641125	EUR_0785
7	63641125	65689809	EUR_0786
7	65689809	68234074	EUR_0787
7	68234074	69085364	EUR_0788
7	69085364	71874885	EUR_0789
7	71874885	73334602	EUR_0790
7	73334602	76458564	EUR_0791
7	76458564	78093859	EUR_0792
7	78093859	79888069	EUR_0793
7	79888069	82022686	EUR_0794
7	82022686	83801203	EUR_0795
7	83801203	85572182	EUR_0796
7	85572182	87825004	EUR_0797
7	87825004	90661784	EUR_0798
7	90661784	92493752	EUR_0799
7	92493752	93966601	EUR_0800
7	93966601	96073508	EUR_0801
7	96073508	97099570	EUR_0802
7	97099570	98715474	EUR_0803
7	98715474	100196651	EUR_0804
7	100196651	101199253	EUR_0805
7	101199253	103197510	EUR_0806
7	103197510	104159525	EUR_0807
7	104159525	105682905	EUR_0808
7	105682905	107780178	EUR_0809
7	107780178	109647594	EUR_0810
7	109647594	112618684	EUR_0811
7	112618684	113712387	EUR_0812
7	113712387	116780178	EUR_0813
7	116780178	118351581	EUR_0814
7	118351581	121045273	EUR_0815
7	121045273	121933630	EUR_0816
7	121933630	124156805	EUR_0817
7	124156805	124167552	EUR_0818
7	124167552	126519170	EUR_0819
7	126519170	126869221	EUR_0820
7	126869221	128778386	EUR_0821
7	128778386	130422414	EUR_0822
7	130422414	132805848	EUR_0823
7	132805848	134307596	EUR_0824
7	134307596	135591083	EUR_0825
7	135591083	136876562	EUR_0826
7	136876562	138744679	EUR_0827
7	138744679	139933177	EUR_0828
7	139933177	140235210	EUR_0829
7	140235210	141226557	EUR_0830
7	141226557	142656310	EUR_0831
7	142656310	144968289	EUR_0832
7	144968289	146427960	EUR_0833
7	146427960	147815318	EUR_0834
7	147815318	149840658	EUR_0835
7	149840658	150711505	EUR_0836
7	150711505	152249806	EUR_0837
7	152249806	153674019	EUR_0838
7	153674019	154964730	EUR_0839
7	154964730	156065250	EUR_0840
7	156065250	157634597	EUR_0841
7	157634597	159128575	EUR_0842
8	10422	1044217	EUR_0843
8	1044217	1163245	EUR_0844
8	1163245	2042942	EUR_0845
8	2042942	2573279	EUR_0846
8	2573279	3392926	EUR_0847
8	3392926	3783017	EUR_0848
8	3783017	4480476	EUR_0849
8	4480476	5146927	EUR_0850
8	5146927	6142797	EUR_0851
8	6142797	7153079	EUR_0852
8	7153079	9154694	EUR_0853
8	9154694	9640787	EUR_0854
8	9640787	10463197	EUR_0855
8	10463197	11278998	EUR_0856
8	11278998	13491775	EUR_0857
8	13491775	13944992	EUR_0858
8	13944992	15991660	EUR_0859
8	15991660	17387876	EUR_0860
8	17387876	17836399	EUR_0861
8	17836399	19492840	EUR_0862
8	19492840	20060856	EUR_0863
8	20060856	21661737	EUR_0864
8	21661737	22897057	EUR_0865
8	22897057	24674718	EUR_0866
8	24674718	25483454	EUR_0867
8	25483454	26682525	EUR_0868
8	26682525	28162392	EUR_0869
8	28162392	29327896	EUR_0870
8	29327896	31133729	EUR_0871
8	31133729	31548360	EUR_0872
8	31548360	32977218	EUR_0873
8	32977218	35317232	EUR_0874
8	35317232	37379389	EUR_0875
8	37379389	38938806	EUR_0876
8	38938806	40703337	EUR_0877
8	40703337	41721454	EUR_0878
8	41721454	42773823	EUR_0879
8	42773823	46841315	EUR_0880
8	46841315	50082470	EUR_0881
8	50082470	53302930	EUR_0882
8	53302930	54418044	EUR_0883
8	54418044	55945581	EUR_0884
8	55945581	56956383	EUR_0885
8	56956383	59068651	EUR_0886
8	59068651	59728100	EUR_0887
8	59728100	62329099	EUR_0888
8	62329099	63349306	EUR_0889
8	63349306	65232872	EUR_0890
8	65232872	66489090	EUR_0891
8	66489090	69863057	EUR_0892
8	69863057	70867979	EUR_0893
8	70867979	72289454	EUR_0894
8	72289454	73817199	EUR_0895
8	73817199	75445064	EUR_0896
8	75445064	76456542	EUR_0897
8	76456542	79132861	EUR_0898
8	79132861	81956395	EUR_0899
8	81956395	82693739	EUR_0900
8	82693739	84225589	EUR_0901
8	84225589	85955619	EUR_0902
8	85955619	87411709	EUR_0903
8	87411709	89085481	EUR_0904
8	89085481	90638162	EUR_0905
8	90638162	93554386	EUR_0906
8	93554386	95005527	EUR_0907
8	95005527	96534806	EUR_0908
8	96534806	99401581	EUR_0909
8	99401581	101620958	EUR_0910
8	101620958	104123306	EUR_0911
8	104123306	104988752	EUR_0912
8	104988752	107410754	EUR_0913
8	107410754	108648177	EUR_0914
8	108648177	109248173	EUR_0915
8	109248173	110484314	EUR_0916
8	110484314	111850847	EUR_0917
8	111850847	113064320	EUR_0918
8	113064320	116096495	EUR_0919
8	116096495	119685457	EUR_0920
8	119685457	121201700	EUR_0921
8	121201700	124861459	EUR_0922
8	124861459	125683719	EUR_0923
8	125683719	126410917	EUR_0924
8	126410917	128659111	EUR_0925
8	128659111	130381139	EUR_0926
8	130381139	131639625	EUR_0927
8	131639625	133351144	EUR_0928
8	133351144	134570001	EUR_0929
8	134570001	136035605	EUR_0930
8	136035605	137524151	EUR_0931
8	137524151	139254830	EUR_0932
8	139254830	140725643	EUR_0933
8	140725643	143044914	EUR_0934
8	143044914	144236881	EUR_0935
8	144236881	146303867	EUR_0936
9	10023	1079707	EUR_0937
9	1079707	1916877	EUR_0938
9	1916877	3190064	EUR_0939
9	3190064	4495328	EUR_0940
9	4495328	4884926	EUR_0941
9	4884926	6557589	EUR_0942
9	6557589	7154923	EUR_0943
9	7154923	8456299	EUR_0944
9	8456299	9166403	EUR_0945
9	9166403	10879253	EUR_0946
9	10879253	12276489	EUR_0947
9	12276489	14836363	EUR_0948
9	14836363	16659655	EUR_0949
9	16659655	18661051	EUR_0950
9	18661051	20463534	EUR_0951
9	20463534	22206559	EUR_0952
9	22206559	24158518	EUR_0953
9	24158518	25330810	EUR_0954
9	25330810	26111757	EUR_0955
9	26111757	28224283	EUR_0956
9	28224283	28811584	EUR_0957
9	28811584	30387392	EUR_0958
9	30387392	31310383	EUR_0959
9	31310383	32019368	EUR_0960
9	32019368	33578334	EUR_0961
9	33578334	34642243	EUR_0962
9	34642243	36743283	EUR_0963
9	36743283	38641599	EUR_0964
9	38641599	65472190	EUR_0965
9	65472190	72512711	EUR_0966
9	72512711	72753755	EUR_0967
9	72753755	74253040	EUR_0968
9	74253040	76203946	EUR_0969
9	76203946	76973081	EUR_0970
9	76973081	78900183	EUR_0971
9	78900183	79471208	EUR_0972
9	79471208	81079055	EUR_0973
9	81079055	82590928	EUR_0974
9	82590928	84211233	EUR_0975
9	84211233	85440801	EUR_0976
9	85440801	86938196	EUR_0977
9	86938196	88109333	EUR_0978
9	88109333	88590417	EUR_0979
9	88590417	90136246	EUR_0980
9	90136246	92528698	EUR_0981
9	92528698	94167203	EUR_0982
9	94167203	96671698	EUR_0983
9	96671698	98922040	EUR_0984
9	98922040	101592859	EUR_0985
9	101592859	104624437	EUR_0986
9	104624437	105967976	EUR_0987
9	105967976	107581749	EUR_0988
9	107581749	109298754	EUR_0989
9	109298754	110695062	EUR_0990
9	110695062	112778024	EUR_0991
9	112778024	114831082	EUR_0992
9	114831082	115693145	EUR_0993
9	115693145	117019801	EUR_0994
9	117019801	117921960	EUR_0995
9	117921960	121321537	EUR_0996
9	121321537	122260297	EUR_0997
9	122260297	124871322	EUR_0998
9	124871322	126971887	EUR_0999
9	126971887	129059665	EUR_1000
9	129059665	130055510	EUR_1001
9	130055510	132165470	EUR_1002
9	132165470	133223217	EUR_1003
9	133223217	134127888	EUR_1004
9	134127888	135298842	EUR_1005
9	135298842	137041122	EUR_1006
9	137041122	137589364	EUR_1007
9	137589364	138938978	EUR_1008
9	138938978	139500342	EUR_1009
9	139500342	141144796	EUR_1010
10	60523	751339	EUR_1011
10	751339	1523544	EUR_1012
10	1523544	2254500	EUR_1013
10	2254500	3352699	EUR_1014
10	3352699	4572274	EUR_1015
10	4572274	5983762	EUR_1016
10	5983762	7171484	EUR_1017
10	7171484	8774665	EUR_1018
10	8774665	10249396	EUR_1019
10	10249396	12586797	EUR_1020
10	12586797	13321600	EUR_1021
10	13321600	15026068	EUR_1022
10	15026068	16551767	EUR_1023
10	16551767	18537267	EUR_1024
10	18537267	19716878	EUR_1025
10	19716878	22772283	EUR_1026
10	22772283	23175132	EUR_1027
10	23175132	25578596	EUR_1028
10	25578596	26888684	EUR_1029
10	26888684	29323236	EUR_1030
10	29323236	29783692	EUR_1031
10	29783692	30458838	EUR_1032
10	30458838	31907519	EUR_1033
10	31907519	33707968	EUR_1034
10	33707968	35109355	EUR_1035
10	35109355	36572508	EUR_1036
10	36572508	37790029	EUR_1037
10	37790029	42372579	EUR_1038
10	42372579	43894771	EUR_1039
10	43894771	44730075	EUR_1040
10	44730075	48760450	EUR_1041
10	48760450	50840915	EUR_1042
10	50840915	53616629	EUR_1043
10	53616629	55103572	EUR_1044
10	55103572	57031140	EUR_1045
10	57031140	57662146	EUR_1046
10	57662146	58959528	EUR_1047
10	58959528	60289987	EUR_1048
10	60289987	61891409	EUR_1049
10	61891409	62659679	EUR_1050
10	62659679	63341695	EUR_1051
10	63341695	65794114	EUR_1052
10	65794114	67549615	EUR_1053
10	67549615	69900148	EUR_1054
10	69900148	70195991	EUR_1055
10	70195991	72220850	EUR_1056
10	72220850	73508512	EUR_1057
10	73508512	75422550	EUR_1058
10	75422550	78706814	EUR_1059
10	78706814	80876749	EUR_1060
10	80876749	82414679	EUR_1061
10	82414679	84383745	EUR_1062
10	84383745	85458703	EUR_1063
10	85458703	87937577	EUR_1064
10	87937577	89127064	EUR_1065
10	89127064	91013381	EUR_1066
10	91013381	92006581	EUR_1067
10	92006581	93335047	EUR_1068
10	93335047	95396368	EUR_1069
10	95396368	96221243	EUR_1070
10	96221243	97822357	EUR_1071
10	97822357	100241302	EUR_1072
10	100241302	100668400	EUR_1073
10	100668400	102949239	EUR_1074
10	102949239	104380410	EUR_1075
10	104380410	106695048	EUR_1076
10	106695048	108726686	EUR_1077
10	108726686	110317705	EUR_1078
10	110317705	112561493	EUR_1079
10	112561493	115328432	EUR_1080
10	115328432	116421406	EUR_1081
10	116421406	119523934	EUR_1082
10	119523934	120591353	EUR_1083
10	120591353	122407323	EUR_1084
10	122407323	123231465	EUR_1085
10	123231465	123900545	EUR_1086
10	123900545	125869346	EUR_1087
10	125869346	128001098	EUR_1088
10	128001098	129154362	EUR_1089
10	129154362	130844284	EUR_1090
10	130844284	131741327	EUR_1091
10	131741327	132580245	EUR_1092
10	132580245	134336329	EUR_1093
10	134336329	134494673	EUR_1094
10	134494673	135523865	EUR_1095
11	70855	1213590	EUR_1096
11	1213590	3665481	EUR_1097
11	3665481	4746709	EUR_1098
11	4746709	6322869	EUR_1099
11	6322869	7436701	EUR_1100
11	7436701	8333274	EUR_1101
11	8333274	9087317	EUR_1102
11	9087317	10952027	EUR_1103
11	10952027	12564229	EUR_1104
11	12564229	13373124	EUR_1105
11	13373124	15742552	EUR_1106
11	15742552	17578402	EUR_1107
11	17578402	19569535	EUR_1108
11	19569535	21017138	EUR_1109
11	21017138	22374142	EUR_1110
11	22374142	24088517	EUR_1111
11	24088517	26045753	EUR_1112
11	26045753	27020461	EUR_1113
11	27020461	28481593	EUR_1114
11	28481593	30141357	EUR_1115
11	30141357	32276901	EUR_1116
11	32276901	33958739	EUR_1117
11	33958739	35502605	EUR_1118
11	35502605	37116815	EUR_1119
11	37116815	39382003	EUR_1120
11	39382003	42310003	EUR_1121
11	42310003	44693799	EUR_1122
11	44693799	47006137	EUR_1123
11	47006137	49866050	EUR_1124
11	49866050	54695473	EUR_1125
11	54695473	55082657	EUR_1126
11	55082657	58457495	EUR_1127
11	58457495	58780549	EUR_1128
11	58780549	62223771	EUR_1129
11	62223771	63804569	EUR_1130
11	63804569	65898631	EUR_1131
11	65898631	68005825	EUR_1132
11	68005825	69516130	EUR_1133
11	69516130	70926292	EUR_1134
11	70926292	72286017	EUR_1135
11	72286017	74412351	EUR_1136
11	74412351	76797209	EUR_1137
11	76797209	78355058	EUR_1138
11	78355058	80722373	EUR_1139
11	80722373	81266712	EUR_1140
11	81266712	84381272	EUR_1141
11	84381272	86619301	EUR_1142
11	86619301	87430235	EUR_1143
11	87430235	89208936	EUR_1144
11	89208936	90966490	EUR_1145
11	90966490	92077144	EUR_1146
11	92077144	93276157	EUR_1147
11	93276157	94242260	EUR_1148
11	94242260	95726041	EUR_1149
11	95726041	97057058	EUR_1150
11	97057058	98705065	EUR_1151
11	98705065	100417169	EUR_1152
11	100417169	101331121	EUR_1153
11	101331121	103959636	EUR_1154
11	103959636	104873284	EUR_1155
11	104873284	106520894	EUR_1156
11	106520894	107844200	EUR_1157
11	107844200	108437037	EUR_1158
11	108437037	109866116	EUR_1159
11	109866116	111114397	EUR_1160
11	111114397	112459488	EUR_1161
11	112459488	114257728	EUR_1162
11	114257728	114830666	EUR_1163
11	114830666	116383348	EUR_1164
11	116383348	117747110	EUR_1165
11	117747110	119215476	EUR_1166
11	119215476	120766806	EUR_1167
11	120766806	121175943	EUR_1168
11	121175943	122591910	EUR_1169
11	122591910	123500117	EUR_1170
11	123500117	124495528	EUR_1171
11	124495528	126311320	EUR_1172
11	126311320	127316679	EUR_1173
11	127316679	128188537	EUR_1174
11	128188537	130342575	EUR_1175
11	130342575	131074612	EUR_1176
11	131074612	133000046	EUR_1177
11	133000046	134205993	EUR_1178
11	134205993	134946452	EUR_1179
12	61107	1080331	EUR_1180
12	1080331	2544786	EUR_1181
12	2544786	3677037	EUR_1182
12	3677037	4417679	EUR_1183
12	4417679	5321472	EUR_1184
12	5321472	6419753	EUR_1185
12	6419753	8377536	EUR_1186
12	8377536	9031395	EUR_1187
12	9031395	10481534	EUR_1188
12	10481534	11754846	EUR_1189
12	11754846	12733528	EUR_1190
12	12733528	15241484	EUR_1191
12	15241484	16310460	EUR_1192
12	16310460	18087873	EUR_1193
12	18087873	20863943	EUR_1194
12	20863943	23820634	EUR_1195
12	23820634	25371083	EUR_1196
12	25371083	27799773	EUR_1197
12	27799773	29651255	EUR_1198
12	29651255	30512406	EUR_1199
12	30512406	32165592	EUR_1200
12	32165592	33076989	EUR_1201
12	33076989	37856717	EUR_1202
12	37856717	39227169	EUR_1203
12	39227169	40816185	EUR_1204
12	40816185	41658586	EUR_1205
12	41658586	43984474	EUR_1206
12	43984474	46024229	EUR_1207
12	46024229	47714793	EUR_1208
12	47714793	49001866	EUR_1209
12	49001866	51776494	EUR_1210
12	51776494	53039004	EUR_1211
12	53039004	54778823	EUR_1212
12	54778823	55665837	EUR_1213
12	55665837	57548860	EUR_1214
12	57548860	59308666	EUR_1215
12	59308666	61123729	EUR_1216
12	61123729	64032461	EUR_1217
12	64032461	65559695	EUR_1218
12	65559695	67181144	EUR_1219
12	67181144	67909729	EUR_1220
12	67909729	69826542	EUR_1221
12	69826542	70957987	EUR_1222
12	70957987	72645075	EUR_1223
12	72645075	73818454	EUR_1224
12	73818454	76511314	EUR_1225
12	76511314	78570570	EUR_1226
12	78570570	80448150	EUR_1227
12	80448150	81467767	EUR_1228
12	81467767	83502666	EUR_1229
12	83502666	84303844	EUR_1230
12	84303844	85990426	EUR_1231
12	85990426	89682122	EUR_1232
12	89682122	92066155	EUR_1233
12	92066155	94514567	EUR_1234
12	94514567	96020785	EUR_1235
12	96020785	97108839	EUR_1236
12	97108839	99305987	EUR_1237
12	99305987	101447641	EUR_1238
12	101447641	101862690	EUR_1239
12	101862690	102964986	EUR_1240
12	102964986	104848696	EUR_1241
12	104848696	106436213	EUR_1242
12	106436213	106958748	EUR_1243
12	106958748	109025901	EUR_1244
12	109025901	110336719	EUR_1245
12	110336719	113263518	EUR_1246
12	113263518	113986709	EUR_1247
12	113986709	115036602	EUR_1248
12	115036602	115503216	EUR_1249
12	115503216	117087471	EUR_1250
12	117087471	118135375	EUR_1251
12	118135375	119754110	EUR_1252
12	119754110	122007651	EUR_1253
12	122007651	124977980	EUR_1254
12	124977980	126445505	EUR_1255
12	126445505	127875098	EUR_1256
12	127875098	129237297	EUR_1257
12	129237297	130377921	EUR_1258
12	130377921	131786751	EUR_1259
12	131786751	132807034	EUR_1260
12	132807034	133841511	EUR_1261
13	19020013	20686720	EUR_1262
13	20686720	22242174	EUR_1263
13	22242174	23594702	EUR_1264
13	23594702	24531937	EUR_1265
13	24531937	25784362	EUR_1266
13	25784362	27284362	EUR_1267
13	27284362	29257551	EUR_1268
13	29257551	30483267	EUR_1269
13	30483267	32301815	EUR_1270
13	32301815	33776903	EUR_1271
13	33776903	35026464	EUR_1272
13	35026464	36046367	EUR_1273
13	36046367	37498185	EUR_1274
13	37498185	38878163	EUR_1275
13	38878163	41069263	EUR_1276
13	41069263	43101027	EUR_1277
13	43101027	44901409	EUR_1278
13	44901409	46495214	EUR_1279
13	46495214	47431079	EUR_1280
13	47431079	49383962	EUR_1281
13	49383962	51591091	EUR_1282
13	51591091	53339622	EUR_1283
13	53339622	54682864	EUR_1284
13	54682864	55817131	EUR_1285
13	55817131	57554217	EUR_1286
13	57554217	58410626	EUR_1287
13	58410626	59302271	EUR_1288
13	59302271	60854778	EUR_1289
13	60854778	61591949	EUR_1290
13	61591949	63971559	EUR_1291
13	63971559	65200602	EUR_1292
13	65200602	67844453	EUR_1293
13	67844453	70724516	EUR_1294
13	70724516	71526791	EUR_1295
13	71526791	73934089	EUR_1296
13	73934089	75670143	EUR_1297
13	75670143	77410555	EUR_1298
13	77410555	78808813	EUR_1299
13	78808813	80585676	EUR_1300
13	80585676	82581814	EUR_1301
13	82581814	84133144	EUR_1302
13	84133144	85610916	EUR_1303
13	85610916	88559882	EUR_1304
13	88559882	90521311	EUR_1305
13	90521311	93129691	EUR_1306
13	93129691	93586455	EUR_1307
13	93586455	96087558	EUR_1308
13	96087558	97519210	EUR_1309
13	97519210	98938919	EUR_1310
13	98938919	100574095	EUR_1311
13	100574095	102300523	EUR_1312
13	102300523	104066710	EUR_1313
13	104066710	104844114	EUR_1314
13	104844114	106247554	EUR_1315
13	106247554	106750000	EUR_1316
13	106750000	108189877	EUR_1317
13	108189877	109121210	EUR_1318
13	109121210	109815112	EUR_1319
13	109815112	111232073	EUR_1320
13	111232073	112247592	EUR_1321
13	112247592	113572488	EUR_1322
13	113572488	115109853	EUR_1323
14	19002084	21589402	EUR_1324
14	21589402	23018665	EUR_1325
14	23018665	24905123	EUR_1326
14	24905123	26135686	EUR_1327
14	26135686	28466533	EUR_1328
14	28466533	29972145	EUR_1329
14	29972145	32383265	EUR_1330
14	32383265	34846251	EUR_1331
14	34846251	35859593	EUR_1332
14	35859593	38667725	EUR_1333
14	38667725	40341990	EUR_1334
14	40341990	41615502	EUR_1335
14	41615502	43137389	EUR_1336
14	43137389	44543227	EUR_1337
14	44543227	46081896	EUR_1338
14	46081896	46749130	EUR_1339
14	46749130	48573586	EUR_1340
14	48573586	49005471	EUR_1341
14	49005471	50507760	EUR_1342
14	50507760	51493572	EUR_1343
14	51493572	53474383	EUR_1344
14	53474383	53997831	EUR_1345
14	53997831	55233681	EUR_1346
14	55233681	56216880	EUR_1347
14	56216880	57481262	EUR_1348
14	57481262	59448336	EUR_1349
14	59448336	61680424	EUR_1350
14	61680424	63790015	EUR_1351
14	63790015	65220298	EUR_1352
14	65220298	66399555	EUR_1353
14	66399555	67992317	EUR_1354
14	67992317	71131957	EUR_1355
14	71131957	72889615	EUR_1356
14	72889615	76444767	EUR_1357
14	76444767	77229472	EUR_1358
14	77229472	78561945	EUR_1359
14	78561945	80186579	EUR_1360
14	80186579	81579714	EUR_1361
14	81579714	83138097	EUR_1362
14	83138097	84241633	EUR_1363
14	84241633	85746319	EUR_1364
14	85746319	86647002	EUR_1365
14	86647002	87635341	EUR_1366
14	87635341	89497643	EUR_1367
14	89497643	91296860	EUR_1368
14	91296860	93132299	EUR_1369
14	93132299	94325285	EUR_1370
14	94325285	95750867	EUR_1371
14	95750867	96262415	EUR_1372
14	96262415	98341162	EUR_1373
14	98341162	99138532	EUR_1374
14	99138532	101534307	EUR_1375
14	101534307	103012102	EUR_1376
14	103012102	105001723	EUR_1377
14	105001723	106340358	EUR_1378
14	106340358	107289454	EUR_1379
15	20001200	21131604	EUR_1380
15	21131604	24195127	EUR_1381
15	24195127	25108590	EUR_1382
15	25108590	27298112	EUR_1383
15	27298112	29338502	EUR_1384
15	29338502	30165568	EUR_1385
15	30165568	31591821	EUR_1386
15	31591821	32441811	EUR_1387
15	32441811	34015425	EUR_1388
15	34015425	35083251	EUR_1389
15	35083251	37456502	EUR_1390
15	37456502	38530777	EUR_1391
15	38530777	40384132	EUR_1392
15	40384132	41177514	EUR_1393
15	41177514	42776399	EUR_1394
15	42776399	44198049	EUR_1395
15	44198049	46618787	EUR_1396
15	46618787	48136048	EUR_1397
15	48136048	50008043	EUR_1398
15	50008043	51677560	EUR_1399
15	51677560	53069096	EUR_1400
15	53069096	54508528	EUR_1401
15	54508528	55136269	EUR_1402
15	55136269	56901773	EUR_1403
15	56901773	58441366	EUR_1404
15	58441366	59694116	EUR_1405
15	59694116	61265836	EUR_1406
15	61265836	63215222	EUR_1407
15	63215222	65104668	EUR_1408
15	65104668	67094767	EUR_1409
15	67094767	69017999	EUR_1410
15	69017999	70133341	EUR_1411
15	70133341	71922649	EUR_1412
15	71922649	73628714	EUR_1413
15	73628714	76398624	EUR_1414
15	76398624	78516053	EUR_1415
15	78516053	80860978	EUR_1416
15	80860978	84260468	EUR_1417
15	84260468	86652905	EUR_1418
15	86652905	88369943	EUR_1419
15	88369943	90475551	EUR_1420
15	90475551	92164392	EUR_1421
15	92164392	93780902	EUR_1422
15	93780902	94924330	EUR_1423
15	94924330	96141596	EUR_1424
15	96141596	98030910	EUR_1425
15	98030910	99244059	EUR_1426
15	99244059	100636847	EUR_1427
15	100636847	101552694	EUR_1428
15	101552694	102520966	EUR_1429
16	60054	1207206	EUR_1430
16	1207206	2764829	EUR_1431
16	2764829	4001196	EUR_1432
16	4001196	5118345	EUR_1433
16	5118345	5891580	EUR_1434
16	5891580	6893551	EUR_1435
16	6893551	7529121	EUR_1436
16	7529121	8338519	EUR_1437
16	8338519	9799419	EUR_1438
16	9799419	10426032	EUR_1439
16	10426032	11520161	EUR_1440
16	11520161	12613098	EUR_1441
16	12613098	13154437	EUR_1442
16	13154437	14464002	EUR_1443
16	14464002	16154060	EUR_1444
16	16154060	17644749	EUR_1445
16	17644749	18643607	EUR_1446
16	18643607	20150571	EUR_1447
16	20150571	22448904	EUR_1448
16	22448904	24136875	EUR_1449
16	24136875	25986862	EUR_1450
16	25986862	27445755	EUR_1451
16	27445755	29036613	EUR_1452
16	29036613	31382943	EUR_1453
16	31382943	46399473	EUR_1454
16	46399473	49007926	EUR_1455
16	49007926	52035823	EUR_1456
16	52035823	53382572	EUR_1457
16	53382572	55903774	EUR_1458
16	55903774	57664330	EUR_1459
16	57664330	59045405	EUR_1460
16	59045405	60745694	EUR_1461
16	60745694	62229849	EUR_1462
16	62229849	63691589	EUR_1463
16	63691589	65938566	EUR_1464
16	65938566	68841363	EUR_1465
16	68841363	71054028	EUR_1466
16	71054028	72935150	EUR_1467
16	72935150	74971503	EUR_1468
16	74971503	75977954	EUR_1469
16	75977954	77523678	EUR_1470
16	77523678	78456292	EUR_1471
16	78456292	79134815	EUR_1472
16	79134815	80297374	EUR_1473
16	80297374	81772536	EUR_1474
16	81772536	82747728	EUR_1475
16	82747728	83477208	EUR_1476
16	83477208	84445883	EUR_1477
16	84445883	85148685	EUR_1478
16	85148685	86156599	EUR_1479
16	86156599	86815411	EUR_1480
16	86815411	87647349	EUR_1481
16	87647349	89041165	EUR_1482
16	89041165	90292812	EUR_1483
17	56	1172399	EUR_1484
17	1172399	1928731	EUR_1485
17	1928731	3702312	EUR_1486
17	3702312	4696261	EUR_1487
17	4696261	5741334	EUR_1488
17	5741334	7317398	EUR_1489
17	7317398	8306425	EUR_1490
17	8306425	9965921	EUR_1491
17	9965921	11102815	EUR_1492
17	11102815	12534769	EUR_1493
17	12534769	13180372	EUR_1494
17	13180372	13894637	EUR_1495
17	13894637	15019097	EUR_1496
17	15019097	16412342	EUR_1497
17	16412342	18856320	EUR_1498
17	18856320	21290357	EUR_1499
17	21290357	27334244	EUR_1500
17	27334244	29786491	EUR_1501
17	29786491	31538425	EUR_1502
17	31538425	32912798	EUR_1503
17	32912798	34469036	EUR_1504
17	34469036	36809344	EUR_1505
17	36809344	38877404	EUR_1506
17	38877404	39899810	EUR_1507
17	39899810	41772087	EUR_1508
17	41772087	43056905	EUR_1509
17	43056905	45876022	EUR_1510
17	45876022	47517400	EUR_1511
17	47517400	49898957	EUR_1512
17	49898957	50719055	EUR_1513
17	50719055	51826118	EUR_1514
17	51826118	53599432	EUR_1515
17	53599432	55357541	EUR_1516
17	55357541	57487512	EUR_1517
17	57487512	59312755	EUR_1518
17	59312755	61545589	EUR_1519
17	61545589	63148128	EUR_1520
17	63148128	64800430	EUR_1521
17	64800430	67858770	EUR_1522
17	67858770	69387817	EUR_1523
17	69387817	72672203	EUR_1524
17	72672203	74375560	EUR_1525
17	74375560	76263413	EUR_1526
17	76263413	77298636	EUR_1527
17	77298636	78837588	EUR_1528
17	78837588	80034408	EUR_1529
17	80034408	81194908	EUR_1530
18	10644	912486	EUR_1531
18	912486	1942911	EUR_1532
18	1942911	3891658	EUR_1533
18	3891658	5834180	EUR_1534
18	5834180	7090485	EUR_1535
18	7090485	8498931	EUR_1536
18	8498931	11075913	EUR_1537
18	11075913	11905440	EUR_1538
18	11905440	14440799	EUR_1539
18	14440799	19485844	EUR_1540
18	19485844	20649472	EUR_1541
18	20649472	22996651	EUR_1542
18	22996651	24026191	EUR_1543
18	24026191	25927682	EUR_1544
18	25927682	26875587	EUR_1545
18	26875587	27866478	EUR_1546
18	27866478	30264066	EUR_1547
18	30264066	31780067	EUR_1548
18	31780067	33861964	EUR_1549
18	33861964	35075250	EUR_1550
18	35075250	36365490	EUR_1551
18	36365490	37684367	EUR_1552
18	37684367	39892648	EUR_1553
18	39892648	42922106	EUR_1554
18	42922106	44299246	EUR_1555
18	44299246	45939732	EUR_1556
18	45939732	47730584	EUR_1557
18	47730584	51062185	EUR_1558
18	51062185	51554175	EUR_1559
18	51554175	55213838	EUR_1560
18	55213838	56530220	EUR_1561
18	56530220	57630483	EUR_1562
18	57630483	59020751	EUR_1563
18	59020751	60277715	EUR_1564
18	60277715	61820252	EUR_1565
18	61820252	63463402	EUR_1566
18	63463402	64252801	EUR_1567
18	64252801	66125817	EUR_1568
18	66125817	67175820	EUR_1569
18	67175820	68621179	EUR_1570
18	68621179	69621618	EUR_1571
18	69621618	71038474	EUR_1572
18	71038474	71971462	EUR_1573
18	71971462	73526987	EUR_1574
18	73526987	74813815	EUR_1575
18	74813815	75976317	EUR_1576
18	75976317	77149991	EUR_1577
18	77149991	78017158	EUR_1578
19	80840	610729	EUR_1579
19	610729	2098396	EUR_1580
19	2098396	3019660	EUR_1581
19	3019660	4348967	EUR_1582
19	4348967	5811852	EUR_1583
19	5811852	6684885	EUR_1584
19	6684885	8347513	EUR_1585
19	8347513	9238393	EUR_1586
19	9238393	11284028	EUR_1587
19	11284028	13471127	EUR_1588
19	13471127	14486347	EUR_1589
19	14486347	15648610	EUR_1590
19	15648610	16374416	EUR_1591
19	16374416	18409862	EUR_1592
19	18409862	19877471	EUR_1593
19	19877471	20905757	EUR_1594
19	20905757	22732896	EUR_1595
19	22732896	23467746	EUR_1596
19	23467746	28557893	EUR_1597
19	28557893	29790947	EUR_1598
19	29790947	30727954	EUR_1599
19	30727954	32746520	EUR_1600
19	32746520	34262952	EUR_1601
19	34262952	36469295	EUR_1602
19	36469295	37527033	EUR_1603
19	37527033	40170619	EUR_1604
19	40170619	40984601	EUR_1605
19	40984601	42131573	EUR_1606
19	42131573	43862455	EUR_1607
19	43862455	44744108	EUR_1608
19	44744108	46102697	EUR_1609
19	46102697	47150082	EUR_1610
19	47150082	49282227	EUR_1611
19	49282227	51532567	EUR_1612
19	51532567	52985290	EUR_1613
19	52985290	54602362	EUR_1614
19	54602362	55728080	EUR_1615
19	55728080	57521335	EUR_1616
19	57521335	59118839	EUR_1617
20	60479	697600	EUR_1618
20	697600	2469501	EUR_1619
20	2469501	3828413	EUR_1620
20	3828413	5477850	EUR_1621
20	5477850	7084073	EUR_1622
20	7084073	8117011	EUR_1623
20	8117011	9730921	EUR_1624
20	9730921	11249536	EUR_1625
20	11249536	12447499	EUR_1626
20	12447499	13689864	EUR_1627
20	13689864	15958359	EUR_1628
20	15958359	17487232	EUR_1629
20	17487232	18972203	EUR_1630
20	18972203	20959710	EUR_1631
20	20959710	22491456	EUR_1632
20	22491456	23293790	EUR_1633
20	23293790	24717724	EUR_1634
20	24717724	25344231	EUR_1635
20	25344231	31614823	EUR_1636
20	31614823	32813441	EUR_1637
20	32813441	34960446	EUR_1638
20	34960446	36909530	EUR_1639
20	36909530	38436761	EUR_1640
20	38436761	39610856	EUR_1641
20	39610856	40585689	EUR_1642
20	40585689	41615460	EUR_1643
20	41615460	42680176	EUR_1644
20	42680176	44839056	EUR_1645
20	44839056	47199980	EUR_1646
20	47199980	49239658	EUR_1647
20	49239658	52472549	EUR_1648
20	52472549	54055266	EUR_1649
20	54055266	56447959	EUR_1650
20	56447959	58406572	EUR_1651
20	58406572	59561724	EUR_1652
20	59561724	61301855	EUR_1653
20	61301855	62190180	EUR_1654
20	62190180	62965163	EUR_1655
21	9411243	15950982	EUR_1656
21	15950982	18053165	EUR_1657
21	18053165	19480375	EUR_1658
21	19480375	20962339	EUR_1659
21	20962339	22072764	EUR_1660
21	22072764	23362875	EUR_1661
21	23362875	24696231	EUR_1662
21	24696231	26469122	EUR_1663
21	26469122	27271019	EUR_1664
21	27271019	29125226	EUR_1665
21	29125226	31197025	EUR_1666
21	31197025	32668642	EUR_1667
21	32668642	34376999	EUR_1668
21	34376999	35225465	EUR_1669
21	35225465	36524373	EUR_1670
21	36524373	37870779	EUR_1671
21	37870779	38711704	EUR_1672
21	38711704	40482902	EUR_1673
21	40482902	41389527	EUR_1674
21	41389527	43321528	EUR_1675
21	43321528	44506268	EUR_1676
21	44506268	46177105	EUR_1677
21	46177105	47492226	EUR_1678
21	47492226	48119752	EUR_1679
22	16050408	17674295	EUR_1680
22	17674295	18296088	EUR_1681
22	18296088	19912358	EUR_1682
22	19912358	22357325	EUR_1683
22	22357325	23712647	EUR_1684
22	23712647	24984204	EUR_1685
22	24984204	26791628	EUR_1686
22	26791628	27834752	EUR_1687
22	27834752	29651799	EUR_1688
22	29651799	31439918	EUR_1689
22	31439918	32664986	EUR_1690
22	32664986	34494914	EUR_1691
22	34494914	35530985	EUR_1692
22	35530985	37570269	EUR_1693
22	37570269	39307894	EUR_1694
22	39307894	40545797	EUR_1695
22	40545797	42690818	EUR_1696
22	42690818	43714200	EUR_1697
22	43714200	44995308	EUR_1698
22	44995308	46470495	EUR_1699
22	46470495	47596318	EUR_1700
22	47596318	48903703	EUR_1701
22	48903703	49824534	EUR_1702
22	49824534	51243298	EUR_1703
